Regulation,Ensembl ID,log2 Fold Change,Adj.Pval,Symbol,Chr,Type,NSIP_73,NSIP_117,NSIP_122,NSIP_173,NSIP_179,NSIP_187,NSIP_197,NSIP_203,NSIP_80,NSIP_63,NSIP_81,NSIP_82,NSIP_84,NSIP_93,IPF_182,IPF_202,IPF_92
Up,ENSG00000134184,9.4172085999106,0.0343,GSTM1,1p13.3,protein_coding,2.0,7.52761273314299,9.29967772943995,8.06079002512745,2.0,2.91957656532484,4.5264063487638,2.0,2.24076954699737,2.0,2.28241124382657,8.94458264666399,9.08179342657396,9.68213659437887,2.28410037084381,2.0,2.0
Up,ENSG00000132972,7.71185968482877,0.0254,RNF17,13q12.12,protein_coding,4.0659091460829,2.27962952404498,2.0,6.6487210256853,2.48140256247077,2.73869869445858,2.0,2.30027309215264,2.4470454608871,7.8595099056545,6.19361987883087,5.39622699713138,3.4204236264327,3.13251281674557,2.0,2.0,2.0
Up,ENSG00000115361,7.1315297019968,0.019,ACADL,2q34,protein_coding,3.76138446399819,4.61663882681066,4.11761552266629,2.0,3.12981107002342,2.91957656532484,2.96515226467177,2.0,3.89698545449026,6.82223465102054,6.42904430213317,4.44536383967442,4.91435397961273,3.65366763789285,2.0,2.0,2.0
Up,ENSG00000178662,7.09224020517445,0.0287,CSRNP3,2q24.3,protein_coding,4.31722353835936,3.65022747346483,2.50331830210367,2.0,3.47635639444225,2.53184805551954,2.0,2.30027309215264,3.18355605042243,7.34677806887365,4.77359549853444,4.87820121399645,5.78056955364437,2.77858002903295,2.0,2.0,2.0
Up,ENSG00000275624,6.93835049464332,0.0332,PRB3,CHR_HSCHR12_3_CTG2,protein_coding,3.13429753631896,5.15602046733229,6.60752713002962,2.46706319417919,6.95901061981248,6.97892462775161,4.5264063487638,2.30027309215264,4.26725964355833,2.0,6.80880926274035,2.0,2.2236253101389,3.65366763789285,2.0,2.0,2.21349274652398
Up,ENSG00000139767,6.86676000714114,0.0422,SRRM4,12q24.23,protein_coding,4.13295960267193,2.5137598066657,2.87573304495846,2.0,2.67278775214458,2.29029464815903,2.0,2.0,2.4470454608871,7.23717492148641,4.5253097655297,5.66060185647871,4.42203555122283,3.28148059985997,2.0,2.0,2.0
Up,ENSG00000178031,6.77298798384135,0.0477,ADAMTSL1,9p22.2,protein_coding,4.67310962518531,2.27962952404498,2.50331830210367,2.0,2.26068828249103,2.0,2.0,2.30027309215264,2.4470454608871,7.0553757810493,4.00976383386581,5.75412989730553,4.06544058356791,3.94926092785032,2.0,2.0,2.0
Up,ENSG00000124440,6.59990254637294,0.0384,HIF3A,19q13.32,protein_coding,4.13295960267193,2.89183327351249,3.17146965084859,2.0,2.0,3.22486764203519,3.94740757811338,2.0,2.62748389653321,6.34704840018325,4.08521688171898,5.21070476417052,5.59285528883661,3.41649592913784,2.0,2.0,2.0
Up,ENSG00000111218,6.55604467220194,0.0237,PRMT8,12p13.32,protein_coding,4.53118584368033,4.76018781257016,3.62636927522772,2.25235071303328,3.57555502839953,3.08028247486459,2.96515226467177,2.0,4.87907785525663,6.6041179738019,7.09096205469995,5.36691642868438,5.28073854910719,4.11727199874549,2.28410037084381,2.0,2.0
Up,ENSG00000143473,6.33285311520193,0.0485,KCNH1,1q32.2,protein_coding,3.76138446399819,2.27962952404498,2.50331830210367,2.0,2.26068828249103,2.53184805551954,2.96515226467177,2.0,3.29453679788181,6.54401623129827,4.15691908703721,5.0355017252828,4.70772689937669,2.3085712000615,2.0,2.0,2.0
Up,ENSG00000186198,6.31090930561479,0.0422,SLC51B,15q22.31,protein_coding,2.48374838898409,4.89073729995514,2.50331830210367,2.0,2.84173207925936,2.29029464815903,2.0,2.30027309215264,4.64778896128536,2.99448840961288,6.2924452744814,3.64036309417449,4.84871236965025,3.41649592913784,2.0,2.0,2.0
Up,ENSG00000152467,6.25163489638938,0.0472,ZSCAN1,19q13.43,protein_coding,3.67402985456735,3.54841104275185,2.0,2.0,3.36982998454896,2.53184805551954,2.0,2.0,3.82485701756484,4.16134229352311,5.95299854163435,3.42972534973826,5.63240299254289,3.53995003267867,2.0,2.0,2.0
Up,ENSG00000135577,6.19637414667643,0.0422,NMBR,6q24.1,protein_coding,3.84375041131145,3.91856966577119,2.0,2.46706319417919,2.48140256247077,2.53184805551954,2.0,2.30027309215264,3.58392848819135,4.57576478400349,6.32393789324652,2.70949607783665,4.84871236965025,2.56263180969811,2.0,2.0,2.0
Up,ENSG00000152779,6.19328804346384,0.0487,SLC16A12,10q23.31,protein_coding,3.92166683266627,3.04922343122273,3.41677511362933,2.0,2.26068828249103,2.73869869445858,2.0,2.0,2.24076954699737,6.41573600530545,4.29044404356822,4.50038758413864,4.12210344654054,3.53995003267867,2.0,2.0,2.0
Up,ENSG00000164690,6.11305255858094,0.0435,SHH,7q36.3,protein_coding,3.67402985456735,4.51233531153081,3.41677511362933,2.0,3.36982998454896,2.0,2.0,2.30027309215264,4.98215681349549,5.31199202137577,6.85265529081382,3.98710978950638,5.79806454980817,4.33747395727283,2.0,2.35967353075619,2.0
Up,ENSG00000274839,6.08427533978862,0.0426,PRB4,CHR_HSCHR12_3_CTG2,protein_coding,2.67586855428415,5.69793558637391,6.87715364055374,2.81932934102204,7.05667768455053,7.87050336480981,3.53830925783272,2.76054666914731,4.03124954081406,2.0,6.77502748798591,2.27708527360642,2.0,3.28148059985997,2.0,2.0,2.56411054329195
Up,ENSG00000178645,6.07172975867984,0.0477,C10orf53,10q11.23,protein_coding,3.76138446399819,3.74532958689302,2.50331830210367,2.0,2.48140256247077,2.29029464815903,2.0,2.0,2.78784292048878,5.74466418781583,5.23768775516829,4.20152495814125,4.27984987900406,3.75907289273111,2.0,2.0,2.0
Up,ENSG00000143869,6.06218118898021,0.0406,GDF7,2p24.1,protein_coding,4.84293234267623,2.5137598066657,2.87573304495846,2.25235071303328,2.48140256247077,3.35627345533443,2.96515226467177,2.0,2.24076954699737,5.89658520194526,4.22522577195585,4.65388709950961,3.66886036335252,3.28148059985997,2.0,2.0,2.0
Up,ENSG00000170929,5.84620510144481,0.0422,OR1M1,19p13.2,protein_coding,3.37489409606968,3.54841104275185,2.87573304495846,2.0,2.84173207925936,2.53184805551954,2.96515226467177,2.0,2.78784292048878,5.07772225190333,5.56209538099829,3.9079196026164,3.74299670737285,3.13251281674557,2.0,2.0,2.0
Up,ENSG00000288504,5.78598063293912,0.0422,YBX2,CHR_HG2087_PATCH,protein_coding,4.25837893425759,3.43885970773827,2.0,2.25235071303328,2.99295015299667,2.53184805551954,2.96515226467177,2.30027309215264,2.24076954699737,4.89732374772934,4.81850821069963,4.79261381503152,4.00646094376747,2.56263180969811,2.0,2.0,2.0
Up,ENSG00000198183,5.60947076272581,0.0435,BPIFA1,20q11.21,protein_coding,12.1311132508568,12.148487175682,11.7630801030718,3.8011184580857,9.41890728982535,7.92972975536198,7.485568500974,3.91706116714722,8.12962627881093,4.89732374772934,15.4786601710923,9.20276344720679,14.6558403898277,13.1159188778844,4.95366988657462,5.78042534283013,8.41837059558678
Up,ENSG00000237515,5.59758533593225,0.0477,SHISA9,16p13.12,protein_coding,4.13295960267193,4.45721226629272,2.50331830210367,2.25235071303328,3.36982998454896,2.91957656532484,2.0,2.0,3.89698545449026,6.63325527190374,6.0313987662169,5.2433295755893,7.10989620543292,3.94926092785032,2.52135378127656,2.0,2.0
Up,ENSG00000036530,5.55931858340188,0.0397,CYP46A1,14q32.2,protein_coding,4.95834661252148,3.74532958689302,3.17146965084859,2.46706319417919,3.36982998454896,3.08028247486459,2.96515226467177,2.0,4.42194948525456,6.7707184922074,6.89520797180334,5.61146123216047,5.12309476119519,3.75907289273111,2.52135378127656,2.0,2.0
Up,ENSG00000203963,5.39793550345155,0.032,C1orf141,1p31.3,protein_coding,4.84293234267623,7.73880473786344,4.68417045242146,2.46706319417919,2.48140256247077,5.43391559407823,2.96515226467177,2.30027309215264,2.4470454608871,5.94386708637019,9.86291123224473,4.55338961863293,8.93136958020133,4.98475988670849,2.28410037084381,2.35967353075619,2.71190683377629
Up,ENSG00000125798,5.39367890807562,0.0422,FOXA2,20p11.21,protein_coding,4.48059604452575,4.66609260640676,3.17146965084859,2.25235071303328,3.25480622776968,2.53184805551954,2.0,3.25596286232855,4.09396915521686,4.57576478400349,7.23044055345586,4.38815801565584,4.88190647332062,4.0357108280482,2.0,2.0,2.39942685388785
Up,ENSG00000153446,5.26450512757806,0.0181,C16orf89,16p13.3,protein_coding,5.95796886938548,7.49377297389388,5.22487408736901,3.10224038515562,5.93164616143555,5.24333705316816,4.5264063487638,3.25596286232855,7.55307057852703,4.57576478400349,10.291079650708,5.0355017252828,9.42077477029987,7.20986512028552,3.56503976311573,2.0,3.4617438179318
Up,ENSG00000155816,5.2070021326282,0.0485,FMN2,1q43,protein_coding,4.76051831701177,3.91856966577119,2.50331830210367,2.46706319417919,4.62042301745455,2.91957656532484,2.0,2.0,4.561647541995,7.32907940487261,7.92311005684461,5.0355017252828,6.17805629218326,4.89510376816279,2.90350334418611,2.0,2.0
Up,ENSG00000197838,5.09230540664943,0.0421,CYP2A13,19q13.2,protein_coding,5.22740466303244,5.3500692433354,3.97169646135579,2.0,4.42145302866405,3.47670315033788,2.0,2.54868811505941,4.26725964355833,4.31309941490866,7.60198475464515,4.20152495814125,7.91935805063512,4.5869067464201,2.52135378127656,2.0,2.56411054329195
Up,ENSG00000174326,5.08678754708691,0.0384,SLC16A11,17p13.1,protein_coding,4.71747584963983,5.38001700358009,4.25012204710402,2.46706319417919,3.12981107002342,3.08028247486459,3.53830925783272,2.0,4.47003428744554,2.99448840961288,7.81089574173179,4.13353344096962,7.44581541766365,4.98475988670849,2.52135378127656,2.35967353075619,2.21349274652398
Up,ENSG00000188803,5.07073747929016,0.0426,SHISA6,17p12,protein_coding,4.92089178558102,4.07321934745961,4.25012204710402,2.0,2.99295015299667,2.53184805551954,2.0,2.54868811505941,4.15407532417837,6.15949648004918,6.56704169482862,5.07228588384362,6.41192483211917,4.19446788501748,2.28410037084381,2.0,2.39942685388785
Up,ENSG00000172955,4.97272754295056,0.0254,ADH6,4q23,protein_coding,5.40066529813455,7.45208883450728,3.62636927522772,2.46706319417919,5.54778384966841,6.20049028144749,2.0,2.76054666914731,6.80116754264141,5.79710229420474,9.33871041140848,5.14315475665894,9.06923981924922,6.54949487663491,3.20533268868981,2.35967353075619,3.28417482046161
Up,ENSG00000127990,4.96013390202574,0.0334,SGCE,7q21.3,protein_coding,5.64993652183645,3.83454841798936,3.62636927522772,2.65392136802693,2.99295015299667,3.69104279923128,2.96515226467177,2.54868811505941,3.4937640460329,7.8717866295732,6.1415469067224,5.92475235630088,5.37701117912851,4.52847400278139,2.0,2.64733385721486,2.39942685388785
Up,ENSG00000066405,4.80635603415517,0.0397,CLDN18,3q22.3,protein_coding,5.40066529813455,4.34021455455172,5.22487408736901,3.10224038515562,2.67278775214458,2.91957656532484,2.0,4.23328672601881,3.66878783167034,5.23804974499865,3.19997414129679,5.07228588384362,4.42203555122283,2.96637299483117,2.28410037084381,2.0,2.21349274652398
Up,ENSG00000182218,4.80503876849778,0.0376,HHIPL1,14q32.2,protein_coding,3.84375041131145,3.32030090373899,2.0,2.46706319417919,4.05963290925767,5.3731443088864,4.74709030938281,4.00284913048562,3.29453679788181,5.31199202137577,4.15691908703721,5.14315475665894,3.81350885706401,4.26774211750473,2.28410037084381,2.0,2.21349274652398
Up,ENSG00000198125,4.78008688920606,0.0237,MB,22q12.3,protein_coding,5.55533135677693,7.50740427378626,4.37147550095145,2.81932934102204,5.36574241216075,5.40384991481371,3.53830925783272,2.76054666914731,6.81984275213893,5.51348137722355,9.61815225505257,5.27523290163392,8.40082342371599,5.86724322823686,2.90350334418611,2.35967353075619,3.61983308068832
Up,ENSG00000267795,4.77584697739574,0.0397,SMIM22,16p13.3,protein_coding,5.06520785918789,8.1871487520855,5.40623899464047,2.25235071303328,6.32285206097517,5.54827883347897,3.53830925783272,2.76054666914731,7.94630999353032,2.99448840961288,10.6934573751406,5.14315475665894,9.11183356627384,6.6350609654105,4.01689213940503,2.88706236990893,3.61983308068832
Up,ENSG00000102854,4.65578879750537,0.0356,MSLN,16p13.3,protein_coding,7.13996087740845,10.0057261621462,7.05072794871527,3.44377498674068,7.39898059592922,6.56893082535998,4.93845271276077,4.23328672601881,8.60646735706724,2.58129044769608,10.7313836387895,5.17732507843356,11.0452233734212,7.46483087964627,4.23267991292204,2.88706236990893,5.19126054710455
Up,ENSG00000169562,4.61124288128632,0.0483,GJB1,Xq13.1,protein_coding,4.31722353835936,5.59954662521567,2.50331830210367,2.0,3.83780270217427,3.35627345533443,3.53830925783272,2.30027309215264,4.15407532417837,6.07707053498626,7.88666653909307,5.36691642868438,6.82422037529286,5.0275815939825,3.06229695910242,2.0,2.21349274652398
Up,ENSG00000124237,4.61091313869511,0.0422,C20orf85,20q13.32,protein_coding,8.68905399760923,10.968835957676,7.44565884604831,3.87815610517221,9.21092699401739,8.79291746998021,5.74195275447813,4.43193637886413,10.7943442667422,4.16134229352311,13.7171506097281,8.0855774675221,12.2545498890399,9.83762109504305,6.87256259358658,5.44754515642552,6.13645046482126
Up,ENSG00000171815,4.6060429645146,0.0421,PCDHB1,5q31.3,protein_coding,4.53118584368033,5.25630494980588,2.87573304495846,2.0,4.57319354398661,3.35627345533443,2.0,2.76054666914731,4.51656798960231,6.31143800568842,7.5629245984634,5.30644596384918,5.78056955364437,4.5869067464201,2.52135378127656,2.35967353075619,2.39942685388785
Up,ENSG00000160472,4.57989435347149,0.0435,TMEM190,19q13.42,protein_coding,3.13429753631896,8.96391715252859,5.40623899464047,3.87815610517221,7.3507828300984,6.28539265348067,2.96515226467177,2.94524056321531,9.24724901981041,2.99448840961288,10.1760691717858,4.70162696879682,10.5897863507496,7.54807478634652,4.16427515609623,4.39150173587983,3.54295277720726
Up,ENSG00000160180,4.51337667803907,0.032,TFF3,21q22.3,protein_coding,8.27959469853622,10.5295110856638,7.92358240225901,3.71973391324159,7.05667768455053,8.59091520108663,7.60328444401898,2.54868811505941,9.95529307617557,3.99172469819306,13.5018078016017,7.38041437743852,11.7038261163053,10.3082785703585,5.40280840210256,2.64733385721486,5.52687830468846
Up,ENSG00000125848,4.50823465957571,0.029,FLRT3,20p12.1,protein_coding,4.58006158768403,4.93175432154374,5.08991533601357,2.46706319417919,3.66836945854255,2.53184805551954,2.96515226467177,3.72847557298248,3.74893182077465,6.07707053498626,7.04445691711054,4.87820121399645,6.89096026395192,4.19446788501748,2.28410037084381,2.64733385721486,2.39942685388785
Up,ENSG00000277893,4.49886479394093,0.0422,SRD5A2,2p23.1,protein_coding,5.73871786529729,9.28006193112307,4.58727885509461,2.81932934102204,7.7194869913169,6.98908545869769,2.0,3.82584761009309,8.39234509758423,5.31199202137577,10.4529457954387,4.79261381503152,9.2485476410326,6.36144584213657,4.68734477400738,2.35967353075619,3.82857896750334
Up,ENSG00000135773,4.48453475823925,0.0422,CAPN9,1q42.2,protein_coding,5.82235101670415,8.26142976686562,4.48340849898263,2.65392136802693,7.23416693575589,2.91957656532484,2.96515226467177,3.38936987454512,8.46236215319491,5.44939483082383,10.5451856044697,5.30644596384918,8.87684284940837,6.53472714021613,4.23267991292204,3.27242787065032,3.61983308068832
Up,ENSG00000180914,4.46225656935982,0.0457,OXTR,3p25.3,protein_coding,6.11547106385023,9.2192374893952,3.17146965084859,3.6334824279039,5.73108637687122,5.62846921357123,4.5264063487638,2.94524056321531,8.59295902752856,4.99034085457125,10.2930700902718,5.0355017252828,10.0809322406214,7.35142515991919,5.21268259196149,2.35967353075619,2.56411054329195
Up,ENSG00000215475,4.44024058863776,0.0477,SIAH3 ENSG00000215475,13q14.13,protein_coding,4.92089178558102,5.95829078008651,2.87573304495846,2.81932934102204,4.57319354398661,4.04280544802019,2.96515226467177,2.0,5.40952772358893,5.57484177895166,8.67516289478229,4.79261381503152,6.42324331400502,4.4039901765252,2.72504499626655,2.0,3.08164185787592
Up,ENSG00000178531,4.40595469899647,0.0477,CTXN1,19p13.2,protein_coding,7.13178789203778,7.86593558093963,6.24421838284689,2.96770860128258,6.44594278757604,6.41162899384298,3.53830925783272,2.30027309215264,8.30887448522776,2.99448840961288,12.0761941679561,6.52490399348786,10.6762900046886,8.14720081802241,4.63775339951805,2.0,3.7622971707875
Up,ENSG00000120693,4.39813847451128,0.0453,SMAD9,13q13.3,protein_coding,5.3166343886391,5.83397833853041,3.17146965084859,2.0,3.66836945854255,3.22486764203519,5.10737928940623,2.0,4.72907550722654,5.94386708637019,6.70499404368669,4.83604210192861,6.54221623249498,3.75907289273111,2.52135378127656,2.0,2.71190683377629
Up,ENSG00000259120,4.39291368255382,0.0453,SMIM6,17q25.1,protein_coding,4.0659091460829,5.3500692433354,2.50331830210367,2.46706319417919,4.05963290925767,3.87761866242279,2.96515226467177,2.76054666914731,6.05481021729232,3.57760902443798,7.84927852151502,2.88516599796378,6.56283176839939,4.33747395727283,2.28410037084381,2.64733385721486,2.56411054329195
Up,ENSG00000162571,4.3859745511852,0.0422,TTLL10,1p36.33,protein_coding,6.31633972353331,8.89817652639551,6.99515828394564,4.02089045758475,7.83910899388759,6.55531866248219,5.39543241777931,2.30027309215264,9.77563636032922,4.31309941490866,11.7003637983044,6.37101640070484,10.2212782726461,7.75971938796007,5.48923261776751,3.82709526915926,4.45042562623685
Up,ENSG00000168772,4.37714679085205,0.0396,CXXC4,4q24,protein_coding,4.92089178558102,7.23166336210055,4.37147550095145,2.81932934102204,6.54718237105774,5.3731443088864,4.26576039407477,2.76054666914731,7.08209467735706,5.94386708637019,9.99105001955763,4.50038758413864,8.85193110862124,6.23924836452105,4.36046650247807,2.35967353075619,2.96860794519013
Up,ENSG00000168484,4.36921410623473,0.00601,SFTPC,8p21.3,protein_coding,8.75439223170191,6.49839102737197,8.10077072877684,5.17443004116605,3.36982998454896,5.65423851399839,6.2549810864739,5.51247806707528,7.71147418288694,5.94386708637019,6.52701051683106,9.00528833634398,8.31835525289858,4.19446788501748,2.72504499626655,3.70712011654705,3.8919488686414
Up,ENSG00000166828,4.33467385927684,0.0435,SCNN1G,16p12.2,protein_coding,5.9205041058429,7.11185139439306,4.94101643645333,2.46706319417919,6.37885932174536,4.76450332238727,4.26576039407477,2.0,6.39084003505371,4.45040165759426,10.0813500178432,4.83604210192861,9.72852663829013,6.84115509064632,3.56503976311573,2.35967353075619,3.37568952772296
Up,ENSG00000243955,4.21723872417512,0.049,GSTA1,6p12.2,protein_coding,8.90825188102225,11.8195193720598,8.37197940182398,4.79192608257699,10.115199430934,8.75471656089927,7.28875655051301,4.98937964386513,11.3799939813757,4.16134229352311,13.4231096475797,7.24197380613961,12.4411438678766,9.44802404574282,7.53204734233665,3.70712011654705,6.8535507571276
Up,ENSG00000050030,4.2086604036077,0.0421,NEXMIF,Xq13.3,protein_coding,3.4816475915303,6.33981305104186,3.80934059627514,2.81932934102204,4.57319354398661,4.25976364166191,2.96515226467177,3.10895087110678,5.07835946935866,5.89658520194526,8.3854017379224,5.70812365684427,7.33032169298429,4.26774211750473,3.06229695910242,2.0,3.08164185787592
Up,ENSG00000142149,4.20136409551018,0.0369,HUNK,21q22.11,protein_coding,4.62733562955468,6.21244610018609,4.94101643645333,2.25235071303328,4.79524829464171,4.04280544802019,3.53830925783272,2.94524056321531,6.11653529954264,6.66181573129556,8.37791934413847,5.27523290163392,7.8455603033538,4.89510376816279,2.28410037084381,2.64733385721486,3.54295277720726
Up,ENSG00000163040,4.17518220923548,0.0461,CCDC74A,2q21.1,protein_coding,6.55508162891497,8.69576977293528,5.75746099982236,3.44377498674068,6.82430547911407,6.85106193369469,3.53830925783272,3.62405284724942,8.74726587511716,3.31531165517046,11.0583489528232,5.45311997148596,9.42500363123369,7.20053891892699,4.82664415912403,3.09257416188522,4.64690751087442
Up,ENSG00000159713,4.1742903255732,0.0487,TPPP3,16q22.1,protein_coding,9.46338496473253,12.1129833940031,9.04532950217665,5.93884829182846,10.3790838488339,9.80951598361152,6.57618768913737,6.12331866114491,11.6886073269244,4.45040165759426,14.3860801351344,8.56039746481073,12.9951570975495,10.6861572178544,8.13366487096959,5.80984997667813,7.53280631781774
Up,ENSG00000004838,4.16988810324036,0.0422,ZMYND10,3p21.31,protein_coding,8.01212978236427,10.2309156927765,7.13883691239418,4.71000627473455,8.30797131828708,8.04622654408226,5.74195275447813,4.30258729631569,9.87831697420622,5.23804974499865,12.8123938249372,7.20931797143168,11.1070633129469,8.86915015561309,6.26923227443998,5.28942144921905,5.73127846976121
Up,ENSG00000167037,4.16475835912805,0.0436,SGSM1,22q11.23,protein_coding,4.80231373800711,5.31948661941647,2.50331830210367,2.65392136802693,4.05963290925767,4.25976364166191,4.93845271276077,2.54868811505941,5.7775348885755,7.13901506939197,8.1063261125263,5.84196202279102,7.10989620543292,4.4039901765252,3.66744133385698,2.0,2.21349274652398
Up,ENSG00000136352,4.12597437371895,0.0397,NKX2-1,14q13.3,protein_coding,4.99485360373861,5.7675599326606,5.80132144797039,3.10224038515562,3.98941226864818,3.35627345533443,3.94740757811338,3.10895087110678,5.30735803788795,2.99448840961288,8.10179111159797,4.87820121399645,7.00080487103955,4.19446788501748,3.20533268868981,2.0,2.71190683377629
Up,ENSG00000003096,4.1228252025654,0.0396,KLHL13,Xq24,protein_coding,4.62733562955468,7.48690871949077,3.62636927522772,2.81932934102204,5.7734909412655,5.02369541792962,3.94740757811338,3.72847557298248,6.65282088623315,5.44939483082383,9.48692659238439,4.55338961863293,8.08529662033592,5.55233087055972,3.76305373667929,2.64733385721486,3.37568952772296
Up,ENSG00000154864,4.10088718753978,0.0477,PIEZO2,18p11.21,protein_coding,5.40066529813455,5.28824163077864,4.48340849898263,2.96770860128258,5.7942348081365,5.24333705316816,7.32348002633265,2.0,5.79651651402993,8.02254793648313,9.5076447881299,5.88395098265851,7.17159899377267,5.46155248408891,4.23267991292204,2.0,3.1864595021007
Up,ENSG00000124678,4.07545657164472,0.0472,TCP11,6p21.31,protein_coding,3.92166683266627,5.28824163077864,2.87573304495846,2.25235071303328,3.57555502839953,3.87761866242279,2.0,2.76054666914731,4.09396915521686,6.07707053498626,5.91214061009862,5.33699800000622,4.81473650030985,3.28148059985997,2.52135378127656,2.35967353075619,2.21349274652398
Up,ENSG00000160345,4.04904481356756,0.0477,C9orf116,9q34.3,protein_coding,6.98525713259152,9.4625772240362,5.96453295606815,3.8011184580857,7.56510151975879,7.02902793126202,5.10737928940623,3.51147808898606,9.09649211550046,4.79789354986234,11.7377459652101,5.92475235630088,10.299367622491,7.91032910019149,5.37281024207986,4.39150173587983,5.21623429291952
Up,ENSG00000112981,4.04365648088515,0.049,NME5,5q31.2,protein_coding,6.04758332310072,8.98111641534394,5.01738599481546,2.96770860128258,7.27900973210283,6.34989109912727,4.5264063487638,3.51147808898606,8.37981362680103,4.69110003907667,11.0612716079878,5.42495391439995,9.51767624821067,6.8999560096677,5.24616155586961,3.43232502399191,4.17275051994046
Up,ENSG00000137691,4.04142188016917,0.0436,CFAP300,11q22.1,protein_coding,6.16436937362779,9.0824948875601,5.28789660039172,3.44377498674068,7.61259232101586,6.54157684135856,3.94740757811338,3.62405284724942,8.56832064962112,6.1990082045474,11.1229975455398,5.50785422040274,9.46662414909021,6.95645389886313,5.17840822572943,3.82709526915926,4.31825829309929
Up,ENSG00000174898,4.03963293849872,0.0421,CATSPERD,19p13.3,protein_coding,5.03045954964208,7.88694540230358,4.77496230828375,2.25235071303328,5.93164616143555,5.65423851399839,3.53830925783272,2.94524056321531,7.58617327121488,6.57438005488676,9.59897197590125,5.33699800000622,7.89923445105674,5.86724322823686,3.93714077613897,3.43232502399191,3.1864595021007
Up,ENSG00000168743,4.03901457386074,0.0342,NPNT,4q24,protein_coding,4.53118584368033,6.97137818726311,5.80132144797039,2.25235071303328,5.18904261164353,4.71638740663227,3.53830925783272,3.91706116714722,6.42783237146579,7.07674456609303,8.39655306542329,5.17732507843356,8.38932696743457,4.19446788501748,3.06229695910242,2.88706236990893,3.54295277720726
Up,ENSG00000157131,3.99179617135273,0.0413,C8A,1p32.2,protein_coding,5.69501002009171,4.39989910064005,2.87573304495846,6.2884470518415,4.25185618268357,3.69104279923128,2.96515226467177,2.54868811505941,5.79651651402993,6.34704840018325,4.15691908703721,4.79261381503152,3.22731766755965,3.13251281674557,2.72504499626655,2.0,2.56411054329195
Up,ENSG00000112186,3.98944058741145,0.0461,CAP2,6p22.3,protein_coding,5.76008504843809,8.06802338586648,5.61726235220342,3.44377498674068,6.37885932174536,5.60223123992479,2.96515226467177,3.10895087110678,7.38140462450021,5.31199202137577,10.2820885320305,5.27523290163392,8.71358226076718,6.12558145001016,4.78168907319071,3.09257416188522,3.1864595021007
Up,ENSG00000141431,3.97005772126449,0.0472,ASXL3,18q12.1,protein_coding,4.13295960267193,4.21288465617044,4.37147550095145,2.65392136802693,4.25185618268357,3.47670315033788,2.0,2.30027309215264,4.76806340296572,7.51275863342215,6.88468688798208,5.27523290163392,6.20453717562428,4.52847400278139,2.52135378127656,2.88706236990893,2.56411054329195
Up,ENSG00000099260,3.96522213071253,0.0436,PALMD,1p21.2,protein_coding,5.55533135677693,8.22063555389241,4.48340849898263,3.6334824279039,6.49745044461885,6.31800228711258,3.94740757811338,2.94524056321531,7.84510574596241,6.87197450303378,10.4040553739998,5.61146123216047,9.54772084538081,6.44279802413198,4.78168907319071,3.82709526915926,3.69282292757823
Up,ENSG00000122420,3.95839265128691,0.0489,PTGFR,1p31.1,protein_coding,6.03010022611665,7.98276522698612,4.77496230828375,3.10224038515562,6.81418475806624,5.40384991481371,4.26576039407477,2.30027309215264,7.68115435999163,5.79710229420474,10.0744229890839,4.99775509354719,9.68334693741787,6.74178506303118,4.42035158659662,3.43232502399191,4.17275051994046
Up,ENSG00000166246,3.95771631041629,0.049,C16orf71,16p13.3,protein_coding,5.80189284311846,8.53536654061619,5.56732914484218,3.22529013273404,6.98630948688671,6.52770286818088,4.26576039407477,3.25596286232855,8.41401661464201,4.45040165759426,10.6699072958952,5.39622699713138,9.45011974641592,7.29995406798247,5.0704107644981,2.64733385721486,4.407701187644
Up,ENSG00000187908,3.95640843099931,0.0177,DMBT1,10q26.13,protein_coding,5.28750006884847,5.99745670666574,7.03244152515855,2.65392136802693,5.4980730140819,5.46336747610396,2.96515226467177,3.38936987454512,4.37220660168334,6.15949648004918,6.7169049267274,5.58624864484335,6.43447368895302,4.6430646559555,2.52135378127656,2.35967353075619,3.28417482046161
Up,ENSG00000112541,3.87893312464559,0.0422,PDE10A,6q27,protein_coding,5.76008504843809,5.87661714008258,4.25012204710402,2.25235071303328,4.25185618268357,3.7873447358999,3.53830925783272,2.30027309215264,5.97374399920541,8.17893210576858,6.90565288409967,6.44300581531334,6.34208327064645,4.69711823647887,3.33545759221757,2.64733385721486,2.84595928035154
Up,ENSG00000171885,3.87103436332447,0.0352,AQP4,18q11.2,protein_coding,4.76051831701177,6.01664802913396,4.58727885509461,2.96770860128258,4.25185618268357,4.25976364166191,2.0,4.49250688010998,5.79651651402993,6.23746658826966,7.63374600128029,5.30644596384918,6.80704158153767,4.11727199874549,3.20533268868981,2.0,2.96860794519013
Up,ENSG00000168309,3.84781731099198,0.0472,FAM107A,3p14.2,protein_coding,4.92089178558102,5.2236452568845,4.48340849898263,2.81932934102204,4.62042301745455,4.50606622175225,2.96515226467177,2.0,4.09396915521686,5.16011201364128,8.33991396353227,4.74783755963818,7.70425085795308,5.22447544151841,2.28410037084381,2.35967353075619,3.08164185787592
Up,ENSG00000187987,3.8164671445323,0.0422,ZSCAN23,6p22.1,protein_coding,3.4816475915303,4.14474144288596,3.17146965084859,2.46706319417919,4.19058402636265,3.47670315033788,3.53830925783272,3.38936987454512,4.51656798960231,5.16011201364128,5.80462723024898,4.06217844302941,5.57266732845501,2.77858002903295,2.52135378127656,2.35967353075619,2.21349274652398
Up,ENSG00000103647,3.79752979839076,0.0497,CORO2B,15q23,protein_coding,6.01240266102175,7.82297514992756,3.17146965084859,3.71973391324159,6.3085037961286,5.99400312599811,3.53830925783272,3.51147808898606,6.90101275228773,5.16011201364128,9.86022870676421,5.30644596384918,8.17841397220908,5.63773379889113,4.47784964458597,2.35967353075619,3.7622971707875
Up,ENSG00000125046,3.79625737093444,0.0396,SSUH2,3p25.3,protein_coding,5.50559584471899,7.16442224216347,4.11761552266629,3.33866459066585,4.83583399300754,5.75294555504873,3.53830925783272,2.30027309215264,7.06654035933398,6.03402156641797,7.25515544910837,5.36691642868438,7.44025512751082,5.06916883143675,3.93714077613897,2.0,2.56411054329195
Up,ENSG00000048540,3.75066521823216,0.0254,LMO3,12p12.3,protein_coding,5.19639139488373,7.00058837665101,6.79275575085688,3.6334824279039,4.91373281428087,3.7873447358999,5.10737928940623,4.66030848728618,6.58893006062102,7.58909709810932,9.15392440413347,6.14794145932943,6.9152126600653,4.89510376816279,3.33545759221757,3.82709526915926,3.37568952772296
Up,ENSG00000181652,3.7357815324643,0.0343,ATG9B,7q36.1,protein_coding,5.57957057945795,7.08482970265707,5.3482808915156,3.71973391324159,5.5958387043308,5.93215195585575,7.35738736558587,3.10895087110678,6.77269348256892,5.84770107485511,9.97378125793658,6.42889244459698,8.13432920504175,6.1451587909376,4.09246487645476,3.43232502399191,4.12079316996644
Up,ENSG00000122852,3.72769246684477,0.00601,SFTPA1,10q22.3,protein_coding,8.02100737562377,7.40916437953256,7.76649373059459,4.79192608257699,4.25185618268357,5.79987689263664,7.17927112258744,5.32534637689347,7.07433848047113,7.36426223828992,6.08752379204873,8.17707709220114,7.54240150301262,3.53995003267867,3.33545759221757,4.04071380106675,3.7622971707875
Up,ENSG00000149201,3.7010157784495,0.0421,CCDC81,11q14.2,protein_coding,6.42734920648283,8.60358787325302,5.28789660039172,4.53073484347871,8.33299705951343,7.2136653935071,5.10737928940623,3.91706116714722,7.96740203704725,6.51299958825502,10.4395304777597,5.2433295755893,9.99061710139093,6.94532993839362,5.24616155586961,3.93785471604313,4.53225638691506
Up,ENSG00000242265,3.68168847723189,0.0153,PEG10,7q21.3,protein_coding,5.50559584471899,5.52108506649214,7.06878548664938,3.6334824279039,4.75348771363407,4.25976364166191,5.10737928940623,4.43193637886413,5.25342519724429,6.54401623129827,7.27945407355302,6.2477956824143,7.24996729499847,4.5869067464201,2.52135378127656,3.93785471604313,2.39942685388785
Up,ENSG00000168878,3.67704629796994,0.009,SFTPB,2p11.2,protein_coding,9.39673750222037,8.2452502382877,9.94283671789984,5.57232502497711,6.21928176622121,6.96869172668139,6.83874089962253,7.74830198052441,8.47124931176162,7.67567146912937,7.05387864526968,9.95604108373264,7.94706769344985,5.36467622734942,3.56503976311573,5.1583037496001,5.28866194176917
Up,ENSG00000176244,3.65705849993886,0.0384,ACBD7,10p13,protein_coding,4.58006158768403,6.55199139697762,4.68417045242146,3.44377498674068,5.85473468470661,4.81106616240623,4.26576039407477,3.25596286232855,6.24645790540515,5.57484177895166,8.77253478947221,4.60451325830629,7.29994347806971,4.94062817404899,3.66744133385698,3.27242787065032,2.71190683377629
Up,ENSG00000021645,3.62137896277295,0.0487,NRXN3,14q24.3,protein_coding,5.88204043722889,7.30374286083236,4.25012204710402,2.65392136802693,6.26458240217144,5.10068509253164,5.63543339728114,3.25596286232855,6.66319959018982,7.82204018684153,9.87624954815187,6.42889244459698,7.96266605330021,6.04450210799461,4.91255826041184,2.88706236990893,3.28417482046161
Up,ENSG00000187955,3.61493698189788,0.0422,COL14A1,8q24.12,protein_coding,6.06485708786441,2.89183327351249,3.41677511362933,4.02089045758475,3.12981107002342,3.22486764203519,4.93845271276077,3.82584761009309,3.66878783167034,7.97781495218787,4.41265105111537,6.2477956824143,4.9771384680975,3.75907289273111,2.90350334418611,2.0,2.39942685388785
Up,ENSG00000103740,3.58420012966661,0.0492,ACSBG1,15q25.1,protein_coding,5.55533135677693,7.78430585745351,4.48340849898263,3.33866459066585,5.7734909412655,5.49223012191076,5.39543241777931,2.30027309215264,7.20083733832778,6.57438005488676,9.72963927115665,5.70812365684427,8.01222655241382,5.98055487547029,4.58639649659158,3.43232502399191,3.37568952772296
Up,ENSG00000172260,3.5650874212097,0.0384,NEGR1,1p31.1,protein_coding,4.53118584368033,5.97800664765059,3.17146965084859,4.21156709094476,5.28009607384897,4.89991230920091,6.45614445016333,2.76054666914731,5.9054427704694,7.29301707910393,8.62547677695193,5.2433295755893,6.97796059160249,4.94062817404899,3.66744133385698,2.88706236990893,3.37568952772296
Up,ENSG00000163736,3.51872101629072,0.049,PPBP,4q13.3,protein_coding,10.5239537997521,8.74550510463221,9.71242416384749,12.4775610636923,9.36792631769,9.68378786793564,9.60927471449537,11.075871603391,8.41094054345714,12.2117598626933,6.4996923443666,9.45514050134648,4.06544058356791,4.11727199874549,6.34843887495314,6.2355384136335,7.67919715555369
Up,ENSG00000185303,3.45288037358684,0.019,SFTPA2,10q22.3,protein_coding,9.23828173204113,8.06802338586648,7.41775160278833,5.31960055200819,5.85473468470661,6.34989109912727,6.2549810864739,6.63412162619347,8.01679929669042,8.06593551738821,6.55382100404636,9.01948534822352,7.46784472529326,3.75907289273111,2.90350334418611,5.11180898329574,4.49192111669521
Up,ENSG00000120279,3.41123331402571,0.0477,MYCT1,6q25.2,protein_coding,5.37319525259546,7.129588713796,3.80934059627514,2.81932934102204,6.49745044461885,5.40384991481371,3.94740757811338,2.76054666914731,6.78224741489155,5.07772225190333,10.4635889499566,4.79261381503152,8.39508664707349,6.23924836452105,4.01689213940503,2.88706236990893,2.84595928035154
Up,ENSG00000170558,3.40986901049758,0.0489,CDH2,18q12.1,protein_coding,4.42816758448784,4.66609260640676,2.87573304495846,3.87815610517221,3.75557197830282,3.35627345533443,2.96515226467177,3.10895087110678,4.47003428744554,7.23717492148641,6.96678247268026,4.99775509354719,5.91492649003065,5.52270157268225,3.06229695910242,2.64733385721486,2.84595928035154
Up,ENSG00000235162,3.38584644660924,0.0435,C12orf75,12q23.3,protein_coding,6.82214348726108,9.23570971729935,5.80132144797039,5.64024870908116,7.63576406220224,7.91914059646184,5.52041786380177,6.60698258865384,8.9452346716425,7.88395976464706,11.4088247140537,6.41463964268308,10.490383602079,7.77864494814302,5.87892108546626,5.24702593793193,5.62338992365735
Up,ENSG00000177181,3.36617040880911,0.03,RIMKLA,1p34.2,protein_coding,4.42816758448784,5.28824163077864,4.68417045242146,3.6334824279039,3.91559810809784,3.58784984564237,3.94740757811338,4.16048855306502,4.72907550722654,7.0116645842106,6.94669237082113,5.56058759249091,5.30541566082997,4.52847400278139,3.06229695910242,2.35967353075619,3.08164185787592
Up,ENSG00000069122,3.34179686505494,0.0118,ADGRF5,6p12.3,protein_coding,5.45408434139158,6.33981305104186,6.72605060062487,4.15076592247852,6.52253068926912,5.24333705316816,5.74195275447813,5.77881429039898,6.96113162663816,7.0116645842106,8.52743539156496,6.41463964268308,8.45145302024441,5.36467622734942,3.76305373667929,3.57625534973601,4.22290153816116
Up,ENSG00000078018,3.29678884628367,0.0443,MAP2,2q34,protein_coding,4.76051831701177,4.97163736083822,5.51560554358945,2.81932934102204,4.47382667614337,4.44831957360638,3.94740757811338,4.16048855306502,5.25342519724429,7.58909709810932,8.18131687498979,5.75412989730553,6.51072982677449,4.52847400278139,3.56503976311573,3.27242787065032,3.08164185787592
Up,ENSG00000138135,3.2957229653992,0.0421,CH25H,10q23.31,protein_coding,8.14394705015175,6.38481867442403,5.22487408736901,5.45148961159441,6.48474490351198,6.62213037657482,2.96515226467177,7.16743821219792,5.13910593084885,5.38232859503352,9.87492125222041,7.74180622812494,8.3061796220752,6.23924836452105,4.09246487645476,4.53935824060026,4.53225638691506
Up,ENSG00000125648,3.21630498814477,0.0435,SLC25A23,19p13.3,protein_coding,6.03010022611665,7.50740427378626,6.03969936095853,3.33866459066585,5.96861703369226,6.07255094374619,7.14084833708753,4.71216864863328,6.62122912613523,6.54401623129827,9.81107024783772,6.27960147804057,9.17680275487625,6.74178506303118,4.01689213940503,4.2267432664954,5.03159557820541
Up,ENSG00000126217,3.20460850552475,0.0481,MCF2L,13q34,protein_coding,7.84221615189656,8.06802338586648,7.0866197979855,3.44377498674068,6.36506002271927,6.05331126621553,6.51741427384741,3.82584761009309,8.39546103098399,6.96658752158056,10.327465475734,6.97687575083541,9.38504372025601,6.39453920409615,5.0704107644981,4.60796680413403,5.11363572801014
Up,ENSG00000109684,3.16898710398406,0.0485,CLNK ENSG00000109684,4p16.1,protein_coding,5.06520785918789,4.21288465617044,3.41677511362933,5.57232502497711,5.28009607384897,5.72889467653566,4.26576039407477,3.38936987454512,5.57257041179875,7.32907940487261,5.53543964674974,4.55338961863293,7.65229270635331,4.0357108280482,3.66744133385698,2.0,3.4617438179318
Up,ENSG00000108924,3.1614055721767,0.0287,HLF,17q22,protein_coding,5.06520785918789,5.57386399830481,4.58727885509461,4.94300670885012,5.25037889494079,5.24333705316816,4.26576039407477,5.14841913228529,4.64778896128536,6.34704840018325,7.7072360771586,5.30644596384918,7.76333673508401,5.3976964124066,3.33545759221757,2.35967353075619,4.01090376021409
Up,ENSG00000278608,3.04216717498223,0.00641,MAMDC2,CHR_HSCHR9_1_CTG3,protein_coding,6.976156098629,5.99745670666574,5.80132144797039,7.39562739068038,6.10769716626772,6.93755019409768,5.39543241777931,6.33659268043655,4.47003428744554,5.89658520194526,5.56209538099829,6.60240170304871,5.65177760028716,4.4039901765252,3.06229695910242,2.64733385721486,4.45042562623685
Up,ENSG00000152104,2.98875932161573,0.049,PTPN14,1q41,protein_coding,5.9205041058429,6.73692818041941,5.66552497766678,3.22529013273404,6.23454057417223,5.3731443088864,6.57618768913737,3.25596286232855,6.3269968972434,7.55904467594057,8.7867311709882,6.09529703707504,8.38932696743457,5.79472248197718,4.29798758121374,3.09257416188522,4.68318546659336
Up,ENSG00000137878,2.97420485064686,0.0422,GCOM1,15q21.3,protein_coding,5.22740466303244,4.93175432154374,5.15897224772317,5.04676384349199,4.31063174436948,5.13769209460304,7.45457501612329,5.75428722198841,3.4937640460329,6.38180094657299,4.15691908703721,4.55338961863293,4.50959315551514,3.94926092785032,3.76305373667929,2.0,3.08164185787592
Up,ENSG00000172264,2.94612033727118,0.0453,MACROD2,20p12.1,protein_coding,4.62733562955468,6.77123191393579,6.11114267033024,3.71973391324159,5.61927891404425,4.81106616240623,5.10737928940623,4.49250688010998,6.30064699428213,7.66159839414753,8.22784243147618,5.96443147779754,7.03071188821383,5.18718788662686,4.68734477400738,2.35967353075619,3.54295277720726
Up,ENSG00000240204,2.92874174588671,0.049,SMKR1,7q32.1,protein_coding,5.80189284311846,5.28824163077864,5.15897224772317,3.33866459066585,4.25185618268357,4.85617305935302,2.0,4.36871099903328,5.75830018729967,4.31309941490866,7.49537819823782,4.74783755963818,6.28118267896716,4.74921951379496,2.90350334418611,2.88706236990893,3.61983308068832
Up,ENSG00000185920,2.86379060509863,0.0333,PTCH1,9q22.32,protein_coding,6.35897547756093,6.8374853030595,5.66552497766678,5.14355692061765,6.18827128626018,6.09153741535084,6.57618768913737,5.22181358404044,6.43995532773438,7.31116091804306,9.35404563437043,6.60240170304871,8.31835525289858,5.98055487547029,4.87024065037807,3.82709526915926,4.57149455594693
Up,ENSG00000134569,2.83830425260248,0.0436,LRP4,11p11.2,protein_coding,5.67264929028601,5.57386399830481,5.75746099982236,4.15076592247852,4.91373281428087,4.66661122579899,4.93845271276077,3.38936987454512,5.75830018729967,6.66181573129556,7.59554772722457,6.07731317312088,6.96252760519008,5.26082350205273,3.56503976311573,2.0,4.27136761293938
Up,ENSG00000283985,2.73340248487992,0.0453,C17orf97,CHR_HG2285_HG106_HG2252_PATCH,protein_coding,6.19607111525758,8.51863656206693,7.18922990338111,6.98109550940393,7.19570288754926,7.03884312129969,5.93395434976126,6.26894492960239,8.14080984630589,5.07772225190333,9.97873631803326,5.96443147779754,9.3879349970578,7.4011229983738,5.67278053058856,4.8537923091358,5.26492112037013
Up,ENSG00000170054,2.69674335844246,0.0422,SERPINA9,14q32.13,protein_coding,5.78114038375458,6.30900989317422,6.95688592224993,7.70144045163083,5.22003669330679,5.06270376524261,5.63543339728114,4.43193637886413,6.0229282409966,6.31143800568842,4.08521688171898,5.94472832694675,5.17757924749712,3.75907289273111,2.90350334418611,2.88706236990893,4.57149455594693
Up,ENSG00000171368,2.66253725318569,0.0254,TPPP,5p15.33,protein_coding,9.3160818421866,9.36487419829807,10.7032122231296,9.90418708794896,8.00845200324025,9.70705798461872,8.51515747054443,8.60023488766867,8.9345638950909,7.80933085612887,11.3541055159813,7.85168576950732,10.0337147932018,7.44126886978572,7.28063074269677,6.00055727998084,7.2049888643096
Up,ENSG00000133424,2.54108719587395,0.049,LARGE1,22q12.3,protein_coding,5.9393580976071,6.6412518022731,3.97169646135579,4.2699091338802,6.00466410518117,5.75294555504873,6.45614445016333,4.23328672601881,5.87004000496922,7.70341235972824,8.28896117420754,6.23162591279719,7.31217162987147,5.63773379889113,4.42035158659662,3.70712011654705,4.49192111669521
Up,ENSG00000205978,2.51410330079213,0.024,NYNRIN,14q12,protein_coding,7.4667374414038,8.13979722310917,6.99515828394564,7.71725202968712,7.46515592734129,7.16071214606946,8.0179677774914,6.85781559217419,7.73133908407059,6.71729444222586,10.7647569183956,8.49416504251886,10.0374022787773,7.36818204858473,5.59695746479728,3.93785471604313,6.30888830861855
Up,ENSG00000167701,2.41985233121881,0.0485,GPT,8q24.3,protein_coding,7.53029684773506,5.38001700358009,6.47838781815951,5.50104473510116,4.52436543838227,5.91093126243019,6.02115214411904,4.5506365072087,5.73880557055419,4.45040165759426,6.64391835956282,6.29524523522066,6.48935052311713,5.29627824987798,3.06229695910242,2.35967353075619,5.00317831953391
Up,ENSG00000275399,2.35360886896246,0.0267,NLRP2,CHR_HSCHR19LRC_LRC_S_CTG3_1,protein_coding,6.40038730736497,7.58015768573049,8.13545353096517,6.81469322499118,7.12377267084271,6.80579241226451,5.10737928940623,8.11387460322798,5.55037668614597,5.51348137722355,6.58014233205144,6.0591022991858,7.64264138416226,6.105734786087,3.93714077613897,5.20334676080083,4.97419005015275
Up,ENSG00000171992,2.30928931823181,0.0484,SYNPO,5q33.1,protein_coding,7.09021368462968,7.70371167517003,9.06345431304664,9.32395484617246,6.92178953599169,7.18743170825994,8.38969502833352,7.74830198052441,7.56971686560646,7.21806998781704,9.83312549665339,8.90434610419207,10.2147795047356,7.5407025420622,7.00558208126852,4.46732331847426,6.55387398535744
Up,ENSG00000239474,2.26952340618338,0.0471,KLHL41,2q31.1,protein_coding,5.13229017026824,5.64957968498322,4.68417045242146,4.15076592247852,4.66615522717975,4.32539221600764,2.96515226467177,4.16048855306502,5.59442788606413,5.94386708637019,6.41448984767333,4.32858986993366,5.99295912786671,4.94062817404899,3.20533268868981,3.09257416188522,3.82857896750334
Up,ENSG00000282941,2.23525292478996,0.0422,TCEA3,CHR_HSCHR1_4_CTG3,protein_coding,7.3518126839235,8.56173740894288,7.57762976583564,8.50826927964886,7.78831342957798,8.07035352939292,7.21669709796584,6.49301357397339,8.19546310432783,7.15918861474235,9.46414095214562,6.26378622766167,8.9588516513162,6.105734786087,5.46099590711787,4.31147318982634,6.77168300353084
Up,ENSG00000205277,2.18764569853732,0.0443,MUC12,7q22.1,protein_coding,6.27240549020146,6.1787664276473,5.22487408736901,5.45148961159441,4.52436543838227,5.91093126243019,4.74709030938281,4.85742212160488,5.52783620158991,6.89621578722593,7.64625726745872,6.89710594010577,6.44561731808368,5.93629234840246,4.01689213940503,3.27242787065032,4.91440533260313
Up,ENSG00000214357,2.1653832025166,0.0447,NEURL1B,5q35.1,protein_coding,6.35897547756093,6.96150853636675,6.53143855783891,5.11200865291251,5.83484863006526,5.84532951537954,6.32519866322691,5.22181358404044,6.27380685953071,6.07707053498626,9.7118941719247,6.29524523522066,8.49501232025689,6.20234557914916,5.24616155586961,3.27242787065032,4.53225638691506
Up,ENSG00000129538,1.97577714560343,0.0384,RNASE1,14q11.2,protein_coding,12.3556265822122,11.4316212848229,9.15504450298483,11.0126853687949,11.1563161879424,11.7960295377401,10.4374352026003,11.6615922787777,11.4569507349586,12.1886374545533,9.77306997856904,11.9201788115288,12.9464680018062,11.656539676203,9.10294159983959,9.73133410479609,10.0100075248308
Down,ENSG00000204936,-5.26235385513122,0.000575,CD177,19q13.31,protein_coding,4.71747584963983,7.31928297650347,3.41677511362933,6.4485676573982,5.02322072580686,6.25202885588552,9.33074917109603,7.42221026765849,6.03895729693608,5.69024797151762,8.60318917251359,6.85550365747448,4.94608773582215,5.84347240480704,8.22464996758029,13.7090600146663,10.6155694650543
Down,ENSG00000135424,-4.70626349551999,0.000336,ITGA7,12q13.2,protein_coding,6.24235465227984,7.68583975437986,5.08991533601357,6.75466879674345,6.69790262083672,6.33403479867952,6.10337866618775,6.84625750601436,8.71020868994122,7.8595099056545,6.7635887964226,6.75726580442471,6.19135749062333,8.61210326829536,6.92518523013587,13.435851679557,8.6072208406743
Down,ENSG00000278563,-4.61656682225546,0.027,MGAM2,CHR_HSCHR7_2_CTG6,protein_coding,2.26205555421484,4.93175432154374,2.50331830210367,3.33866459066585,4.52436543838227,3.47670315033788,6.45614445016333,6.9031436385225,4.94860887071306,2.99448840961288,5.09894286604384,3.1829882334813,3.22731766755965,7.0632161630434,3.76305373667929,11.1890656200705,6.36579779533245
Down,ENSG00000204165,-3.93390513393892,0.0426,CXorf65,Xq13.1,protein_coding,2.0,3.04922343122273,2.0,2.46706319417919,2.26068828249103,3.08028247486459,2.0,2.94524056321531,2.24076954699737,2.58129044769608,2.0,2.50943090095415,2.2236253101389,2.77858002903295,3.06229695910242,6.2355384136335,2.56411054329195
Down,ENSG00000280908,-3.73653192126513,0.0124,PADI4,CHR_HG2095_PATCH,protein_coding,5.37319525259546,6.30900989317422,5.46195836638048,4.90669376222252,5.28009607384897,6.55531866248219,11.4917799886449,6.52236093558438,6.05481021729232,6.1990082045474,6.9263185507705,5.07228588384362,4.176624684642,8.6706883732353,6.25285542625172,11.5775235800338,7.76632450705621
Down,ENSG00000078401,-3.60450772063952,0.0254,EDN1,6p24.1,protein_coding,4.95834661252148,8.20398930975905,5.08991533601357,5.82671117840493,7.96794306620667,6.28539265348067,5.84114527299477,7.12979775809583,6.20443710488641,6.7707184922074,6.56704169482862,6.02197607813447,4.37617989213747,8.74634395376747,5.69719446169674,12.0114781670581,7.74503098030942
Down,ENSG00000101188,-3.57464435616817,0.0287,NTSR1,20q13.33,protein_coding,4.92089178558102,6.24535742474041,2.0,4.66723329548382,4.79524829464171,3.35627345533443,3.53830925783272,4.81061061225387,4.87907785525663,3.99172469819306,4.00976383386581,4.38815801565584,3.22731766755965,6.42689044306841,4.36046650247807,9.55575916287246,6.66688502600373
Down,ENSG00000282607,-3.52354016114767,0.049,MGAM,CHR_HSCHR7_2_CTG6,protein_coding,6.62662280523728,9.93056722646923,6.36604901296076,7.82819341696304,9.81628483992891,7.51026576848332,11.3474001471055,11.0178107261676,9.48666266722964,7.8717866295732,9.59897197590125,7.43085768497763,7.02329305517272,11.9787923041698,8.34541623479324,14.8938922991676,10.6954458346669
Down,ENSG00000112299,-3.4210218006653,0.0148,VNN1,6q23.2,protein_coding,8.26472220520837,6.95157090063799,7.26949360119466,8.4558278442108,9.82513149909707,7.63844784291902,8.61664433109708,8.72853791907439,8.01679929669042,7.0553757810493,8.70835578865202,7.98305786469097,7.8243727523424,10.4038149560503,7.79214430264893,13.4902528703982,9.63031804737138
Down,ENSG00000139572,-3.41129241949463,0.0254,GPR84,12q13.13,protein_coding,8.44704316224337,10.7767780398968,4.68417045242146,7.88062068990776,9.91547826161758,7.77390383529729,7.73808754629764,9.12271137923935,9.80288004734827,8.44029349369111,6.87408851347833,8.10345924169355,8.45972119998056,9.94064267975268,8.43160768520203,13.7725508220821,11.0821398266743
Down,ENSG00000125740,-3.31987174715782,0.0139,FOSB,19q13.32,protein_coding,9.8877465981831,11.9356091639488,9.54515132547714,11.4665394542243,11.3952775109984,11.9541511936056,11.6709933773713,11.2613605608765,10.0433454100633,8.4566865003703,12.8366482383369,9.94864087735075,10.5631742033117,12.2326372582376,13.2245935407468,16.0247735936525,11.2949013724596
Down,ENSG00000186583,-3.2867683801698,0.0352,SPATC1,8q24.3,protein_coding,5.03045954964208,6.59092398284157,5.80132144797039,6.70266725883646,7.15618518398325,5.93215195585575,6.45614445016333,5.29165428936103,6.76307585940642,4.31309941490866,5.23768775516829,5.63624076076551,5.06647159331814,9.16841984130488,6.70209420230533,11.3239244745542,7.97459490064742
Down,ENSG00000186469,-3.19798707676528,0.0384,GNG2,14q22.1,protein_coding,7.68353030563867,10.4202606999751,7.10423633443581,9.53195811798609,11.0449663302759,9.53568694948338,10.3046991388616,11.205914976421,10.0571842614211,9.76708331981605,7.89192945832118,8.1728490728823,8.8265816346517,12.1754724759011,9.7464002224086,14.7964885000255,11.5467027040671
Down,ENSG00000115594,-3.08263335282595,0.0376,IL1R1,2q11.2,protein_coding,8.37961845446191,10.4724490094547,8.80796080739751,10.1589030009516,11.1603166630872,8.55716534525857,8.69828950158596,11.9450671142749,10.5734762497946,9.61836829470828,10.5122444802033,9.52480655215031,9.28001565410493,12.3775256438622,10.3193244674073,15.0560590597161,11.2084746337978
Down,ENSG00000288505,-3.03814960589251,0.0422,NANOS3,CHR_HG109_PATCH,protein_coding,3.92166683266627,4.66609260640676,2.50331830210367,3.8011184580857,5.28009607384897,3.22486764203519,2.96515226467177,3.51147808898606,4.37220660168334,2.0,3.75637651047303,3.53888502909439,3.00431050919825,5.42997771634745,4.36046650247807,7.99034104066197,5.56626103668959
Down,ENSG00000118503,-2.96811747961349,0.0421,TNFAIP3,6q23.3,protein_coding,11.3286228029136,13.9035877879015,10.7928498376817,13.1965649260227,13.9109044643226,13.0069073871843,11.5715841100223,13.8996631264112,12.8447234576008,11.8492786647474,12.0979900507953,11.5840498154834,11.693638504101,15.2991941445417,12.9477042277363,17.5722721610957,14.3169908350678
Down,ENSG00000142512,-2.88388899732882,0.049,SIGLEC10,19q13.41,protein_coding,8.32689797543023,9.77161583457905,9.10342128861782,10.0927639801136,10.3372901569498,8.24161432292841,9.60927471449537,9.33813333552726,10.4819024183382,9.55886964048444,9.06119825001976,9.60858384644561,8.47611674662543,12.916218278292,9.93911941554383,14.5447614128684,11.3667157081376
Down,ENSG00000280962,-2.85947501749737,0.00267,DUSP16,CHR_HG1362_PATCH,protein_coding,8.85214871747419,10.4434919205653,8.76983461213754,10.085675707731,10.0616648697845,9.44632593640369,9.16832546384378,10.2207172063498,9.7648341539146,9.94028519130015,10.146650406969,8.80948837229684,9.85092112394705,10.3190918602137,9.47356283352536,14.0040790438916,11.1706444101164
Down,ENSG00000112303,-2.85414264838029,0.0422,VNN2,6q23.2,protein_coding,9.1760551457993,10.9564664368463,8.34259490394137,8.79074624163751,11.1662966530366,9.63609041716409,10.4842230747504,10.9878798663487,10.9759919086382,8.26522313465505,10.482899783503,9.00052478231291,9.35580772046482,12.7170266610492,9.89230810089679,14.6817457098158,12.569250807816
Down,ENSG00000198734,-2.83258559027672,0.0303,F5,1q24.2,protein_coding,7.44050833580083,8.89299326713354,6.95688592224993,8.61902419632996,9.9937891111129,8.07513088293015,9.82456347992424,10.2139877977476,8.97886026034707,9.9461023376405,8.41128867574493,8.27500118781777,6.80704158153767,9.59762261632453,8.53342251752096,13.2465840543165,10.4510803805717
Down,ENSG00000181409,-2.80120176666575,0.0384,AATK,17q25.3,protein_coding,7.33054620234843,7.29590957697108,7.51315278956717,6.51037250571104,7.34376408373438,6.51369417649402,8.46937806641915,8.10904665659576,7.38767706014443,6.11887208587092,7.54966595105362,7.53993487873107,5.25563198215739,10.0050047841555,7.29669704554502,11.7553552114968,9.99475282697975
Down,ENSG00000167434,-2.68675567071793,0.0422,CA4,17q23.1,protein_coding,4.0659091460829,4.84851991987107,4.25012204710402,3.44377498674068,3.91559810809784,4.25976364166191,5.63543339728114,5.67810026360386,4.42194948525456,3.99172469819306,4.08521688171898,4.26645586239192,3.00431050919825,6.04450210799461,3.85272150542818,8.36707439999129,6.32045121473345
Down,ENSG00000111913,-2.6373029363701,0.0384,RIPOR2,6p22.3,protein_coding,9.61766253858213,11.9296099972345,10.7417093624074,10.9868283010717,11.7474332832544,10.3817674178672,11.8602533426386,12.8330913462676,11.6450911653168,10.3421364116624,11.7766755493311,10.1758437558015,10.2196563230794,12.8582752576029,10.7430370290973,15.5343487928526,12.723096251802
Down,ENSG00000162702,-2.59335687932088,0.00506,ZNF281,1q32.1,protein_coding,9.19186521815322,10.1009593521555,9.03158488057124,9.92476092794757,10.2987933076639,9.54776719728204,9.62327816519034,9.71060748455742,9.63771496660276,10.0442797965036,9.11394721626283,8.87861621420923,8.8477370071425,10.4537335053264,9.85210387221456,13.6146529275902,10.4661237839795
Down,ENSG00000162711,-2.58730893286443,0.0421,NLRP3,1q44,protein_coding,8.67787070192072,10.2391089152409,8.12686068406191,9.53046731704494,10.5008157807962,9.11861840544268,9.28743478066956,10.6773012402717,10.2372928001659,9.07650004108064,7.4744818065524,7.96360917407463,7.22431463789748,10.2164127211229,9.24633165366204,13.4522718884314,10.5925073293656
Down,ENSG00000184005,-2.56603494760653,0.0461,ST6GALNAC3,1p31.1,protein_coding,5.5306779130773,5.4093557232264,6.0026056373472,5.52519826378313,5.91279926221157,4.98360296182068,4.93845271276077,7.37472859045622,5.57257041179875,7.13901506939197,5.09894286604384,6.42889244459698,5.17757924749712,7.6543631234142,5.24616155586961,10.1036820893142,6.8614877070542
Down,ENSG00000087074,-2.52650285563438,0.0422,PPP1R15A ENSG00000087074,19q13.33,protein_coding,12.0231336323234,13.9564875432842,12.331919308771,12.5392740005296,13.6477372209813,13.1143751366976,12.927362404625,13.7467212465552,13.1324672582288,10.9547621401732,12.9124079130021,12.4931395266967,12.1331526495454,15.10453477165,13.0823925538749,17.1647230953814,13.9136347031336
Down,ENSG00000102057,-2.49720298543492,0.0384,KCND1,Xp11.23,protein_coding,4.48059604452575,4.56542947682037,5.61726235220342,5.17443004116605,4.87530911153504,5.43391559407823,7.14084833708753,4.94672094129691,4.87907785525663,5.84770107485511,4.9853600711901,5.86310925594678,4.22916030854672,5.55233087055972,6.00161314517586,9.18387459067881,5.03159557820541
Down,ENSG00000143546,-2.49443835048103,0.0487,S100A8,1q21.3,protein_coding,12.069868903874,13.5150627442595,11.0034780280808,12.5731556892525,12.9584218222929,12.3539139414523,14.2779073203471,13.6181876996131,14.1237157431276,11.0429024229281,12.1742143903599,11.5147490998895,11.4860171287957,14.0385221951956,12.0862386060896,16.7975274397973,14.4862729881778
Down,ENSG00000152229,-2.47400684008962,0.0319,PSTPIP2 ENSG00000152229,18q21.1,protein_coding,8.27589092405133,10.9719118375361,8.26640348183514,10.3081795550124,10.6319197538529,10.3545181568688,10.429487546898,10.2863392683667,9.92002559580009,10.2416574641097,8.14651211865486,8.38143091131206,9.10306297602882,10.5705542301754,10.5122650989535,13.733137690734,10.8718152256701
Down,ENSG00000151726,-2.43772376090474,0.0254,ACSL1,4q35.1,protein_coding,12.8493000325729,14.7749243110568,13.048764992222,13.6666104593625,14.1387873822043,13.8281813791435,12.9989253330136,14.7215722991736,13.7607934351231,13.1626376180145,12.1096130349085,13.155222342434,12.0573139837738,14.3271557851347,13.8609173092178,17.4170129249867,14.6724356576269
Down,ENSG00000125430,-2.41030137217184,0.0453,HS3ST3B1,17p12,protein_coding,6.92031022690049,9.59615108558825,5.28789660039172,8.60775817999943,9.17776233795933,7.80874110103844,6.9760256451457,8.52611151740087,8.43536740379121,8.10805626704718,8.52743539156496,7.48642690519282,8.11351895713008,10.0143496199165,8.9789868999106,12.1178694281584,9.67716402724617
Down,ENSG00000204086,-2.40428154298818,0.0436,RPA4,Xq21.33,protein_coding,3.84375041131145,4.89073729995514,5.46195836638048,5.80714402811637,4.75348771363407,5.75294555504873,6.02115214411904,4.76222911319094,4.72907550722654,4.31309941490866,3.75637651047303,4.79261381503152,3.81350885706401,3.85729866420922,5.59695746479728,8.49485851590688,4.68318546659336
Down,ENSG00000090924,-2.35606999882659,0.0384,PLEKHG2,19q13.2,protein_coding,8.6409144338668,9.45380355239388,8.41496355830958,8.88475332924817,9.17776233795933,8.93896727229589,9.97410991914157,9.35658179746016,9.40398615429713,10.8670301584733,8.91376229016702,8.58923805507146,8.14803778673999,10.8047669916019,9.37674969636489,13.1771907393275,10.1453777697992
Down,ENSG00000006652,-2.34555498642994,0.0384,IFRD1,7q31.1,protein_coding,8.53023332705788,9.93056722646923,8.12686068406191,9.96945656392203,9.79842709511777,10.5593324780111,10.109600336899,10.467939850959,8.63574783111209,8.71698072456149,8.57728875020196,9.27159938910817,8.15144467532599,9.35441450169537,10.7111749866036,13.1483270811263,8.71189722850898
Down,ENSG00000125810,-2.30245962808518,0.0422,CD93,20p11.21,protein_coding,9.10477336456829,9.96555319656193,8.60637697382542,10.9665756344972,11.0049277343455,8.69078741515403,10.4134596686877,11.3288376171644,10.7204836414483,10.4647202553274,9.64645286733315,9.76281992017429,8.42354509678425,10.7354233506023,9.28509995774402,13.6515612868572,12.1689924727459
Down,ENSG00000248483,-2.28758551477977,0.0384,POU5F2,5q15,protein_coding,6.35897547756093,6.96150853636675,7.71008517155991,8.25383184012191,7.39898059592922,8.42119305207523,8.33968333115435,8.66416746383906,7.49033629088106,8.4566865003703,7.78849535066446,7.2175514887786,6.78088365182464,7.39295800518027,8.94625959359978,11.376493598821,6.40976237728168
Down,ENSG00000117115,-2.2594874961288,0.0384,PADI2,1p36.13,protein_coding,9.71387592523123,9.73297663295303,10.9362182763415,9.07060583400382,9.8073835978441,9.09058073194255,10.830459997151,9.71220017636685,9.65471873090489,8.84703224924206,8.29294514875992,9.06582440487735,9.41511693744762,10.7955050277666,9.15454447107034,13.3550411183172,11.0364219995373
Down,ENSG00000113916,-2.24587122482563,0.0457,BCL6,3q27.3,protein_coding,10.4971637978133,12.297151302017,10.5331780072333,11.4417714248343,12.4479689858716,11.4284888504451,11.4589703187776,12.6909017524104,11.6694286709511,11.1387223204923,12.5605782966398,11.0782160096256,11.4123176926502,13.6491050329031,11.7606659895813,15.5559115212428,12.7866093356217
Down,ENSG00000134602,-2.24350393502931,0.0422,STK26,Xq26.2,protein_coding,7.68353030563867,8.63186610776629,6.83557176897043,8.07722033110019,8.49064250029603,7.31407514457098,8.88422127034768,9.15351800247237,8.6037757907747,8.01149404984074,7.32685699668003,7.35077744366715,7.45687211827857,9.66189248548104,8.01243488080338,11.878933950384,8.96676153842414
Down,ENSG00000166501,-2.23285587813759,0.0453,PRKCB,16p12.2,protein_coding,10.4971637978133,10.4724490094547,9.15504450298483,10.0765107402094,10.7076820974678,10.1714531532374,11.37662873814,11.177372073447,11.0180424221334,10.7304485719547,9.7014411646677,8.89667520493513,9.33348523039279,12.4253469170192,10.9514804323108,14.1808436044355,11.6057776553825
Down,ENSG00000137393,-2.23127117211099,0.0421,RNF144B,6p22.3,protein_coding,10.6630163718324,12.3642356730163,10.2183028383719,12.1049112968548,12.2460911555128,11.2910080307034,10.2828098628899,11.6087022856297,11.2344654690728,11.3909181944874,10.6168617727262,10.4562518965363,10.1109901319275,12.6267786507401,11.4007405236753,14.975833982868,12.2882427039225
Down,ENSG00000154710,-2.20371921120582,0.032,RABGEF1,7q11.21,protein_coding,6.4926285927878,7.52090798298132,6.87715364055374,7.36918327385754,7.79347422575389,7.30596948098774,8.45378965839851,7.97218228675957,6.97785813926731,7.29301707910393,6.75205868562387,6.67594781122677,6.06698682202394,8.0518868722979,8.27011318149554,10.8524600130274,6.98287703935837
Down,ENSG00000147459,-2.15080671246933,0.0436,DOCK5,8p21.2,protein_coding,10.7722074613089,11.9343482529244,11.2508998509936,12.233480851622,12.4131888462181,11.482980076755,12.3132003340337,13.0981273550747,12.4940322985918,11.9307481972158,11.5893362292565,11.2135228509572,10.4037597617163,13.6753255853378,12.4597693204517,15.5601788977709,12.8797979545959
Down,ENSG00000136026,-2.14051243181615,0.0214,CKAP4,12q23.3,protein_coding,9.85336645316121,10.6334005098711,9.05894441293306,9.9156532015269,10.7738003813806,9.1864175135382,10.3219745377409,10.2139877977476,9.97625514257837,9.64722204864222,10.3118435490326,9.31445162700031,9.61466084016285,10.8177871490115,9.75514743817566,13.4259387852864,11.2146843406111
Down,ENSG00000160201,-2.12798115123598,0.0436,U2AF1,21q22.3,protein_coding,6.47980688098496,7.5141719277637,6.36604901296076,6.88170426559794,6.86409297786587,5.86752986642411,7.68566790821173,8.48198018396455,6.92708533446872,7.6185362587109,7.06323924248204,6.88681729650856,5.84931152504872,6.62114774811149,7.68635959337869,10.514432102782,6.68488857709604
Down,ENSG00000184047,-2.12675017056182,0.024,DIABLO,12q24.31,protein_coding,6.37291191742439,6.86950489510459,6.65611108901061,6.97233762970915,7.04806708482831,7.27308359261457,7.25317667892809,6.78703592416611,6.43995532773438,8.02254793648313,6.63138670515571,6.72297490709398,6.24336885696311,7.09376276922567,7.84226331455382,10.3108194774263,6.40976237728168
Down,ENSG00000175471,-2.09486075076161,0.0436,MCTP1,5q15,protein_coding,9.9354819919826,11.4253519499174,10.3752731476684,12.1064130010955,11.6604284618747,10.9768214495683,10.6944797323998,11.6681718233709,11.1772293893407,10.9804993095288,9.27769731741874,9.70689576631007,9.26121733009184,11.6835683532989,11.5308092932242,14.3254594557716,11.6970351691681
Down,ENSG00000258102,-2.08575980982958,0.0443,MAP1LC3B2 ENSG00000258102,12q24.22,protein_coding,4.48059604452575,4.76018781257016,3.80934059627514,4.2699091338802,4.52436543838227,4.11880825680551,5.10737928940623,4.85742212160488,5.04699933277444,5.44939483082383,3.55877373681261,4.32858986993366,3.74299670737285,4.89510376816279,4.09246487645476,7.68364366937217,5.44473305785724
Down,ENSG00000214193,-2.06648221159971,0.00506,SH3D21,1p34.3,protein_coding,7.23458717949131,9.25805625536229,8.18596279407009,9.04159478166228,9.39194179303753,7.33812241978319,8.75026066620105,8.64094167316563,9.17474593607882,8.55131542130759,8.21530171440592,8.34431512942192,8.29697998730684,12.2862460707489,9.81493649859383,11.5247102354908,10.1893958013012
Down,ENSG00000008083,-2.00210069443096,0.0384,JARID2,6p22.3,protein_coding,10.0363458271308,11.1899367130384,10.5217525395997,10.5220665441038,11.6311815879283,10.5686786658546,11.3620884617241,11.1715950971409,11.2590500615429,10.8531656179413,9.534814196411,10.2639450765664,9.19342453286098,12.0101587246184,11.1851912353458,14.0613985347622,11.8384579570442
Down,ENSG00000145908,-1.96325976014585,0.0461,ZNF300,5q33.1,protein_coding,5.57957057945795,6.41406089067978,5.71222519497703,6.93676457983802,6.18827128626018,6.64801213809316,6.18117031145025,7.25745477770537,6.23258652006481,6.54401623129827,6.19361987883087,5.77659430149319,5.63240299254289,6.105734786087,6.43808117870176,9.58370958188808,5.6602565441509
Down,ENSG00000135365,-1.92668719660044,0.0376,PHF21A,11p11.2,protein_coding,9.76893088099584,10.1221565523374,10.2738440904886,10.4489828802883,10.3893457980479,10.0888260764576,10.7844664729961,10.9937849709181,10.364378130718,10.6201606991268,10.3409972613176,9.71564184938052,9.60723677983668,11.856085368192,10.5225481057039,13.6514343117653,11.1194374136072
Down,ENSG00000255150,-1.92248070770716,0.049,EID3,12q23.3,protein_coding,5.55533135677693,6.80473889727839,7.17262705355869,7.22916327908818,7.7194869913169,7.52430762821442,8.21577091433137,7.85596131870155,7.3496267442479,6.87197450303378,7.10915232788198,5.8205001933093,6.13740068002656,6.44279802413198,8.87314249594452,10.0290195190824,6.32045121473345
Down,ENSG00000139946,-1.85706397824008,0.049,PELI2,14q22.3,protein_coding,7.85716543832742,8.48802483643753,8.4771299131447,8.51129550151416,8.78818617242475,8.02168919745662,9.02800172778108,9.66856803280968,8.98920953566916,8.56650059674442,9.24722206781234,7.85168576950732,7.78104067527439,10.2117782715773,8.97150007084058,11.8940384392172,9.43672200330283
Down,ENSG00000188786,-1.83855907839129,0.0237,MTF1,1p34.3,protein_coding,10.3006529685244,11.5077723364206,10.7969179895576,10.9797448515031,11.9062332006255,10.3187096973203,10.697792085213,11.3878284347177,10.9576634523321,10.6859499232082,10.8292730841714,10.4769766265435,10.137860542403,11.5636631063459,11.2050125063194,13.9072225588846,11.9880143040634
Down,ENSG00000111642,-1.83660650247832,0.0254,CHD4,12p13.31,protein_coding,7.86704625848691,8.89817652639551,8.6429962806187,9.05824389075906,9.17182978253459,8.92580358119118,9.22452317794859,8.69349009021639,8.50913999741005,8.17893210576858,8.48279024671382,7.77007058923545,7.6714037881331,8.12272231661967,9.23595391922279,11.5694818760975,8.91240359969027
Down,ENSG00000255423,-1.83104081271236,0.0477,EBLN2,3p13,protein_coding,5.60340927070476,6.90082923768904,6.3949643815303,7.09843090930024,6.7519225366887,6.87317491991707,7.76360000436431,7.30888649777876,6.43995532773438,7.07674456609303,7.12711610120784,6.07731317312088,6.15108024519974,6.64884128555868,7.09097665260003,9.89472329096277,6.48361685725818
Down,ENSG00000003402,-1.83089992674801,0.0422,CFLAR,2q33.1,protein_coding,11.6368980402739,13.522004517924,12.6509102947658,13.2641638272104,13.9740567930746,13.0652478838262,13.2547755524831,13.937770931794,13.2687977558483,13.1069283743818,13.1175498913217,12.1277339416983,12.1864355301032,14.3432686112283,13.7333711893886,16.1895797143555,14.091929848282
Down,ENSG00000118308,-1.79850503468225,0.0422,IRAG2,12p12.1,protein_coding,9.07737374518666,9.19837914940207,8.16092919462282,8.69018395998716,9.06705451432336,8.90717026589831,10.0946007795694,9.48324571174192,9.30472737882775,9.05512760693301,9.26355560681586,8.42829653346143,9.25647922594965,10.2405022999087,8.9789868999106,12.2741476594247,9.84267655271944
Down,ENSG00000127946,-1.79290586905253,0.049,HIP1,7q11.23,protein_coding,10.219102971111,11.0261849175398,10.4321778671102,10.628326211946,11.6716829527115,10.8276865516626,10.8424812700936,11.2042182348528,10.7328540613425,10.472802427649,9.59575032403843,10.2317883422963,8.75895631544661,11.6180907977879,10.6358170670627,13.6822138929964,11.6436667277954
Down,ENSG00000100503,-1.70186174867585,0.0384,NIN,14q22.1,protein_coding,11.2353948214005,11.816442661046,11.9445575984835,12.5286723719441,12.0190268946315,12.2849672847062,12.4589213957214,12.4747665899298,12.2201469643863,11.2904694472047,11.473002444063,10.9494303890145,10.730826164277,11.7641187501804,12.4584309293632,14.7099423627386,12.2622483984168
Down,ENSG00000165288,-1.69961085033394,0.0426,BRWD3,Xq21.1,protein_coding,9.23637723522286,10.2288600961152,10.4163989660531,10.7683469615526,10.5603072563418,10.4394078113333,10.7043940628039,11.0578207336339,10.4334604238277,10.9931977388958,10.2465804840363,9.39832873978583,9.43761634445697,11.1853142226811,10.9271747746045,13.3255813664194,10.6809421717568
Down,ENSG00000169826,-1.69198809187577,0.0489,CSGALNACT2,10q11.21,protein_coding,10.8014849840648,11.4031922135811,10.9251100798988,11.3559986171279,11.9044454923747,10.882540920377,10.8544032028253,11.8549418793785,11.5085856104042,11.6649262685828,9.44098965720914,10.8509855089051,9.7866462063004,12.0088235736223,11.5007841824566,13.9882806178108,12.1018998805632
Down,ENSG00000100731,-1.68836162242909,0.0453,PCNX1,14q24.2,protein_coding,11.5266756025143,12.1601302276113,11.2870204760215,12.9038098618339,12.440380747044,12.5181631327729,12.2826440256683,13.0752581918464,12.0444579742823,12.8796058056047,11.2229574385681,11.7718747119885,10.9154808929292,12.1526824738628,12.4860607410069,14.9912669730404,12.9367840766679
Down,ENSG00000119922,-1.67415117698589,0.0421,IFIT2,10q23.31,protein_coding,10.9052214806373,12.5898125306785,12.0131880353737,12.0946076017336,11.562935392919,12.5523986174523,11.5661573787086,12.2046929744272,11.9185324353759,12.705353061185,10.1985427652332,11.3167681260396,10.7634758127574,14.8635209419983,12.7344400713826,14.4597214128013,12.8907466198873
Down,ENSG00000124256,-1.66883136743506,0.0422,ZBP1,20q13.31,protein_coding,6.64970264585625,8.30501000312196,7.45941260671803,6.97233762970915,7.38537332407507,8.52958521702486,8.32261993951615,7.98277784521057,7.4063323836039,9.02795897861499,7.24696410422728,7.73034359278823,8.21469231871241,11.0696987692456,8.58011634488368,10.5573519259089,8.78048032485699
Down,ENSG00000173575,-1.66788900679015,0.0377,CHD2,15q26.1,protein_coding,10.8244866012938,12.5288791586396,12.1450965510607,12.6199928519832,12.7999753308146,12.1465739368104,12.6943550655924,12.9288364733631,12.2983864026973,11.9241320563558,11.6754019073443,11.5461427030252,11.2313887164391,12.6259080092014,12.9904662013724,14.9326001240501,12.8211040612943
Down,ENSG00000038219,-1.64927786388785,0.0397,BOD1L1,4p15.33,protein_coding,10.7355976632962,11.6241727778426,11.8027321893824,12.4808453041584,12.1251738140091,12.0339187054884,12.2160575731872,12.4389041118532,11.9410980662464,11.8608727520162,11.3252181508562,11.1106284111103,10.4278410723854,12.2171124905263,12.439335777715,14.5481755064801,12.3457794482225
Down,ENSG00000133961,-1.63304192164702,0.0384,NUMB,14q24.3,protein_coding,11.4899800951774,12.5004047204653,11.7533433829552,12.2094593678847,12.8554671218678,11.9050234524459,11.8866167050341,12.7502451073194,12.3089594324198,11.587952949443,11.7007387068967,11.8743723013363,10.9104627558611,13.0901102322042,12.4204428124316,14.7726948985056,13.2110190199648
Down,ENSG00000284792,-1.62589615370682,0.0422,PTEN,CHR_HG2334_PATCH,protein_coding,11.5670143121691,11.7183894004465,11.9561240806245,11.8283530089302,11.8737105410964,11.4856737780393,11.796798076286,12.5313472137314,11.7072209455595,12.1953689798053,11.7780974054833,11.5740649603932,11.4376536967747,12.9999143905699,11.8195365912856,14.7816562967101,12.2921017666982
Down,ENSG00000122566,-1.6198477186178,0.0477,HNRNPA2B1,7p15.2,protein_coding,13.1215980584779,14.1292593610756,13.9291671283006,14.4389124760785,14.0736632548737,13.9654156591755,14.0638843206111,14.1797301074641,13.9992493609508,12.9547455102833,12.5883995138099,12.6896020239231,12.4041359415852,12.8123292298043,14.3614698572356,16.2743954904301,14.3128361079005
Down,ENSG00000155926,-1.59703638211707,0.0421,SLA,8q24.22,protein_coding,12.7032042374597,12.3372981107142,12.5444386349064,12.7677626809205,12.8305791751369,12.7583787180028,12.4193401629008,12.8867912692971,12.7041605531386,12.2674140669642,11.3349116834249,12.161733832734,11.3825478977872,13.7570208105035,12.6417679597079,15.0767734031772,13.9335364910878
Down,ENSG00000109466,-1.59080782159806,0.0421,KLHL2,4q32.3,protein_coding,10.1780206342698,10.2411499711012,10.6487308355405,10.8696846804534,10.6835625296522,10.3406980601536,10.109600336899,11.3818365910515,10.5796533376409,9.96627959995152,9.45705696475397,10.0943582538062,9.29241315557075,10.4819140654924,10.4774492247075,13.0390084773169,11.2073073323031
Down,ENSG00000005483,-1.58331216065469,0.0422,KMT2E,7q22.3,protein_coding,10.804058904273,11.8959991843245,11.8769891556719,12.2407923256218,12.0823302853789,11.8854382303287,12.1081691581958,12.2343691848866,11.8170325995003,12.6382187630828,11.3683351481863,11.1412469961782,11.0836256561074,12.6112461105583,12.3129739853405,14.5923680424986,12.4026399407434
Down,ENSG00000183735,-1.5627794731776,0.0489,TBK1,12q14.2,protein_coding,10.019832798137,11.416348231783,10.0191124811101,11.2476658738728,11.1274871135997,10.6919856548135,10.5032788870285,11.4334402416705,10.8264443115736,11.4768111571084,10.0416496759462,10.3280873964461,10.0511470103744,11.7617427652428,11.3683253228151,13.4957798840742,11.4539474721716
Down,ENSG00000151466,-1.54626540969633,0.0485,SCLT1,4q28.2,protein_coding,8.64952721398685,9.71546577737492,9.17602065642089,9.60318221818186,9.78294252943275,9.58005551912998,9.86637497651356,10.0981659701141,10.1815254537507,9.98899898905302,9.2369188962326,8.855060318649,9.00666130438663,10.665122542582,9.78535167312642,12.3192859736807,10.3211358197239
Down,ENSG00000013441,-1.50901635466687,0.0422,CLK1,2q33.1,protein_coding,10.7476816166103,12.0342481182394,10.7695777482971,11.9151692328023,11.8478983269248,11.8833969146323,11.7059574007175,12.0614734053193,11.7670859550145,11.1861912623208,11.1507039067943,10.8018642524158,10.7313953950435,12.2488452705832,12.1660248951254,14.0941862537525,12.0176170456888
Down,ENSG00000188315,-1.50081096122648,0.0426,C3orf62,3p21.31,protein_coding,8.13579667942693,8.4707334029512,9.18846149978269,9.17543407025759,8.92849566568833,8.94419930091457,9.49206689329544,9.12987921089062,8.48594065719628,8.91978389157134,7.88666653909307,8.67245394203513,7.73636668835659,9.3502034382021,9.51363569795133,11.3397712379517,9.07482338220569
Down,ENSG00000175782,-1.49939858269704,0.0395,SLC35E3,12q15,protein_coding,9.87433765375129,9.48514215645882,10.526660252452,10.2304298870512,9.85505755729782,10.0432314076427,10.0171705863954,9.68812318527548,9.70204516998154,10.2345449175638,9.02572761189789,9.7039685828975,9.00100710127402,10.2047985630692,10.4984394082979,12.4508909853624,9.91405503772503
Down,ENSG00000182923,-1.46543832038215,0.0422,CEP63,3q22.2,protein_coding,8.73563898316173,9.6767803403271,9.90815460343383,10.0947828205641,9.37998402576473,9.51298025598512,10.0589831676759,9.88171444189847,9.74664877194595,9.25112275190153,9.16483536930997,8.74259757331247,8.42354509678425,9.5247615189706,9.8669758312834,11.9595021456166,10.1413087251123
Down,ENSG00000163975,-1.45861143973582,0.0489,MELTF,3q29,protein_coding,6.70583679657845,6.73692818041941,5.3482808915156,5.92075365828029,7.22655572882352,5.82278219674551,7.45457501612329,6.35302035899207,7.50194730477052,6.66181573129556,6.9263185507705,6.81266599833082,6.56283176839939,10.0958361329014,7.24795120651668,9.01729301956182,7.62893508169652
Down,ENSG00000067082,-1.45492602691291,0.0406,KLF6,10p15.2,protein_coding,12.8482092680341,14.3978429607692,13.4758074246053,13.8014337608403,13.815195926149,14.0935944167281,13.2587057624612,13.9846502597326,13.5397658797037,13.6107821475839,13.0755258110338,13.3060499470894,12.6569604123568,14.0154388369525,14.0763271112045,16.0773517008259,14.1800025207709
Down,ENSG00000103005,-1.4386267752334,0.0447,USB1,16q21,protein_coding,9.84339117009738,9.97171238147028,10.4886007431925,10.0287361023146,10.432162638258,10.0186426298032,10.558981131332,9.88312909586641,9.73808317036179,9.73047447476131,9.29766228513132,9.52812034128684,9.06020560354234,10.8978671052793,10.2713499549753,12.4734763925762,10.6831830169978
Down,ENSG00000075413,-1.42953321016775,0.0422,MARK3,14q32.32,protein_coding,10.5880834437025,11.1605819907002,11.3603269514288,11.5182238620031,11.2596842324644,11.6539788457139,11.930920657777,11.3682632564599,11.2165191240398,11.3898515189144,10.9659268966976,10.4923271068996,10.400184244234,11.0696987692456,11.9913293932589,13.6724857469441,11.1367091506654
Down,ENSG00000054267,-1.40795076726793,0.0453,ARID4B,1q42.3,protein_coding,10.0076019768559,11.307579451014,10.8197566462066,11.4638083559689,11.181139074961,11.1452929444016,11.1365785871037,11.6844905912528,11.0205672601122,10.9358844220139,10.7408937385142,10.071828405844,10.0853919872267,11.5071012776521,11.4585636008605,13.3782446975127,11.594809400338
Down,ENSG00000058063,-1.39982879630815,0.049,ATP11B,3q26.33,protein_coding,10.6249449271811,11.3573543503963,10.7955632131425,11.8007919561525,11.4146651873735,11.5012875782262,11.4764330472458,12.0807124296803,11.1736039629394,11.5349002829966,10.8106362506502,10.7728257807272,10.5064362730078,11.2145646571748,11.7079517941981,13.7523277695958,11.3625271714523
Down,ENSG00000152380,-1.39354510535478,0.0443,FAM151B,5q14.1,protein_coding,7.88174175017871,7.50740427378626,7.52628077530162,8.03578830066394,7.97704386005341,7.73820448175598,8.19716726833456,8.56893286763279,7.88111805958984,8.28371765610559,7.87608275103378,7.59785051500573,7.41779715745001,8.60151316205951,8.50258680453582,10.4209899214095,7.90333990640786
Down,ENSG00000158161,-1.38696406905021,0.0384,EYA3,1p35.3,protein_coding,9.87800701575851,10.0908088220431,10.659197161503,10.4709107632815,10.7587075700988,10.1979763350028,10.2196917739079,10.8434776340671,10.078666325866,10.4525114622928,9.97873631803326,10.0256849064671,9.48158909194689,10.5057735349553,10.4579362026112,12.7181250085185,10.7821487288666
Down,ENSG00000285005,-1.38624659921875,0.0422,PLEKHM3,CHR_HSCHR2_8_CTG7_2,protein_coding,9.29427803293645,9.9851707353789,10.2040768729929,10.4693554909519,10.6590328549529,10.0650085962557,10.1391395589539,10.1787101509155,10.2250850160301,10.0169041560035,9.11844422518804,9.47930904848394,9.03644840616276,10.7273282753067,10.7051687366406,12.3048268736052,10.6606163813787
Down,ENSG00000101972,-1.35214036938957,0.0489,STAG2,Xq25,protein_coding,10.9941284171808,11.9500309816609,11.0451172930662,11.9845894431014,11.9528178587359,11.411118009052,11.3683379615768,12.402620676918,11.962003198081,11.5310350959841,11.2817754356216,11.0577254466908,10.674515081981,12.2113199146635,12.0323861163524,13.9179241251386,12.2454765640718
Down,ENSG00000131389,-1.34935577691656,0.0477,SLC6A6,3p25.1,protein_coding,12.5796466832322,12.8621378523374,12.3846804981402,13.2782224318309,13.4669637002871,12.9902477000235,12.2903439900717,12.819671381064,12.8262252863927,12.276676931164,12.4697890224933,12.6403079120564,11.8231811127445,13.630669084239,13.2536910866597,15.1040306339053,13.3193460291526
Down,ENSG00000073331,-1.34355012068978,0.0436,ALPK1,4q25,protein_coding,10.4843825073931,10.7893861796923,10.8157524770922,11.4165707420896,10.8909814137998,11.3285026567366,11.5126189602334,11.4031931563958,11.0740522757874,10.9197157383131,10.8711789881194,10.8045995796478,10.2390003958086,11.3868561028605,11.6112986792459,13.4170033845823,10.9262762910016
Down,ENSG00000153201,-1.33744631397718,0.049,RANBP2,2q13,protein_coding,11.8037308462152,12.7885095684869,11.9627783237034,12.9734914613202,12.9738472048725,12.5375475004762,12.1094133434206,13.4117992579838,12.7204032349254,12.3092007991439,12.2586307411635,11.8911979704541,11.5835057604118,12.5749412573563,12.9619420984311,14.7391526834816,13.1183189747411
Down,ENSG00000198408,-1.3241730035958,0.0472,OGA,10q24.32,protein_coding,11.092686174814,11.9210417224233,12.1182538938522,12.415514816739,12.028359341936,12.2112038927932,12.5377430622167,12.422944724373,11.946153618425,12.1463123257556,11.6146253107732,11.5292915871288,11.125802907533,11.9010396840683,12.6759502272848,14.2814197778922,11.9952467004118
Down,ENSG00000168297,-1.31839887988105,0.0477,PXK,3p14.3,protein_coding,9.88410195568943,9.6167347763239,9.71815602787598,9.81515718635571,9.66259744246935,9.69003002404598,10.2739603059445,10.2895433078984,9.83192064479521,10.5683006044069,9.07514586824633,9.78098972388251,9.27377672237713,10.2574661550949,9.97075610951757,12.2258468455485,10.3318874340317
Down,ENSG00000119801,-1.29156351431225,0.04,YPEL5,2p23.1,protein_coding,11.2767515029958,11.620649401006,11.0889102957478,11.6089519111396,11.3055600360134,11.4585077255086,11.2103289394696,11.3848356235702,11.4351624850228,10.8898456840089,11.7461250140922,11.2450781982275,11.389417087801,12.156304915729,11.5514611518827,13.753156358302,11.8484762434135
Down,ENSG00000125633,-1.29095490391595,0.0492,CCDC93,2q14.1,protein_coding,10.8034158546066,11.6729953704003,11.4318331210703,11.8533120281387,11.8086115193463,11.3911429211959,11.5050759337866,12.0314873405191,11.6166693080008,11.5502583020244,10.6064948172163,11.0844194062411,10.3836217578076,12.2254706282337,11.9068441816027,13.6372701525283,12.239207906586
Down,ENSG00000167378,-1.27619305873553,0.024,IRGQ,19q13.31,protein_coding,9.38475094022146,9.39635207487541,9.91065973796111,9.74233106455997,10.0786748555748,9.56315177764749,9.52227357882845,9.64374535005611,9.46012297788499,9.20819860820654,9.17997340354104,9.19652900399875,8.9353277875748,9.46953697171527,10.0687393056747,11.649985450265,9.94985880092084
Down,ENSG00000077238,-1.27076936042336,0.0489,IL4R,16p12.1,protein_coding,11.513368031354,11.7591974728631,10.9337571690837,11.4614632925574,11.6699302155445,11.3737984961275,11.2514829947534,11.696207329536,11.5646778048854,10.9547621401732,10.9839056049182,11.7816256941485,11.2025294986303,12.4963771690526,11.5898626776162,13.7362540440182,12.2080331331599
Down,ENSG00000111011,-1.25691537303647,0.0384,RSRC2,12q24.31,protein_coding,10.4295958457645,11.2254230515709,10.9399020830393,11.4185869571665,11.0664429994672,11.0689138650869,11.2218788751248,11.116129992616,10.8527537884345,10.8422892087293,10.5822828756251,10.1694916312123,10.2691077411228,10.7426702847129,11.5286852426505,13.0452073513992,11.1330254315146
Down,ENSG00000124788,-1.24561227315376,0.0422,ATXN1,6p22.3,protein_coding,11.3357559988166,11.5981326058173,11.626504765964,12.2359983524456,12.1417083093231,12.0022881380029,11.9421364559196,12.5259238152762,11.8801205289315,11.8035504598512,11.51283182245,11.6271803141393,11.2265514631925,12.3108325024348,12.3802498033812,14.0646442948027,12.1245438255423
Down,ENSG00000100664,-1.21618321590762,0.0287,EIF5,14q32.32,protein_coding,12.517682864224,12.9556857148467,12.4220351172563,12.8473025110919,12.8305791751369,12.7498139271061,12.4983956755505,13.0021149382177,12.5413936562131,12.173840549815,12.1096130349085,12.4618579105247,11.8103069203234,12.7304543814898,13.2639424629499,14.6176112235898,12.9214427284605
Down,ENSG00000160908,-1.21322751112243,0.0422,ZNF394,7q22.1,protein_coding,9.18002393646714,9.74309399926163,9.66869354248228,9.51396602023855,9.58138311231409,9.69469398069715,10.4013208125223,9.66692640880369,9.92865478733323,9.16395808730857,9.24516731159181,9.26763986927828,9.47208392385946,9.80414615090871,9.77104754163411,11.7525166863118,10.2042951913004
Down,ENSG00000134215,-1.20702690887457,0.0422,VAV3,1p13.3,protein_coding,9.54873711163886,10.2922445356938,9.49928474138742,10.1355584088892,10.4096532778201,9.9552722265096,10.1195140981708,10.6384594998528,10.4530328373749,10.5739470543283,10.2006649614584,9.41811114502494,9.83934974694945,10.2461791103542,10.4949621836519,12.2128264516272,10.6674235128342
Down,ENSG00000096746,-1.20593294929675,0.0422,HNRNPH3,10q21.3,protein_coding,10.727485095179,11.5841303134994,11.442259803801,11.9034113357664,11.7182194302848,11.1338903738613,11.4273937668801,11.6244355738671,11.3701287028779,10.718602542677,10.652182834662,10.7510113705879,10.6078790427798,11.337719527109,11.8710779325426,13.2339199134977,11.8800751172494
Down,ENSG00000065809,-1.20338434055196,0.049,FAM107B,10p13,protein_coding,11.1755278185232,12.3717075567349,11.3694614587077,11.6036449286854,12.0578774634277,11.3179609473482,11.7043115219938,11.7237083983031,11.6052764804811,11.1787992251121,11.7340876663356,10.7742218994896,11.2099007249534,11.5444402719411,11.6856285327859,13.6819652710358,12.1972940528265
Down,ENSG00000065613,-1.17923588632591,0.0422,SLK,10q24.33,protein_coding,10.7702343382249,11.7242381591189,11.1527330587741,11.7184067535772,11.5961705167642,11.2843193148315,11.3154124030718,11.8095372262564,11.4290935698702,11.3520121487345,11.3507649758145,10.6412967174769,10.8696766265248,11.1668765427947,11.5527159987343,13.4025906246715,11.871748938296
Down,ENSG00000198900,-1.16927422929401,0.0477,TOP1,20q12,protein_coding,10.2599854770556,11.4136361224447,11.0654947542949,11.5825793078253,11.4769368017674,11.2739680451783,11.3282927336436,11.5666220592505,10.9083450138102,11.2732192133971,10.5173615601605,10.3070219042509,10.3100771694619,11.1402956208143,11.6133045988157,12.9669635375,11.8394629220645
Down,ENSG00000169155,-1.16107624421827,0.0371,ZBTB43,9q33.3,protein_coding,9.36396796871191,10.1430468111107,9.76043414775531,9.75259728470928,10.186567401989,9.81951503363219,9.7435444587534,10.0993836173198,9.62449740076609,9.88986887738219,9.27568554026368,9.73870879181701,8.96660846708995,9.98884288048126,10.2122273542506,11.7482483994034,10.2773097286106
Down,ENSG00000163877,-1.14530180950334,0.0477,SNIP1,1p34.3,protein_coding,8.61182805317348,9.32694006598158,8.93152148498044,9.17352506543997,9.36272771841462,9.0155226016193,9.11976167810738,9.25534614985908,9.18738530415208,8.72376939921971,8.34375987274567,8.43537339237826,8.54508674025628,9.32896174918945,9.16333345401327,11.0199741990226,9.49145162042154
Down,ENSG00000164190,-1.11792203506347,0.0489,NIPBL,5p13.2,protein_coding,11.6325602139377,12.3059532066477,11.9378185839046,12.7224550032154,12.5047251966523,12.4355911586659,12.2771187808728,12.8518165238722,12.4983862352781,12.3759042074181,11.9213829658109,11.6394890144389,11.3901382614784,12.5153067412411,12.7268635481968,14.1311709252019,12.8749050822616
Down,ENSG00000131051,-1.07268767213657,0.0453,RBM39,20q11.22,protein_coding,12.1597827872623,12.690339929978,12.197841374486,12.7805178089581,12.5657565563857,12.7667084035932,12.9067577089394,12.9147265742966,12.4467538725991,12.2984407726607,12.3383794985784,11.919232621196,11.991830851461,12.7660575800252,13.0325968089974,14.4096249327425,12.7378581524885
Down,ENSG00000133773,-1.01326170010244,0.0493,CCDC59 ENSG00000133773,12q21.31,protein_coding,8.71390388982693,9.26810046438528,8.68457617514161,9.25341332842364,9.10075161107186,8.92315636809794,8.775560630425,9.20419889476802,8.90644476034649,8.59639970129208,8.06964056674436,8.32539291142546,8.66435189049601,8.81822902760717,9.13680422664284,10.6032392438367,9.35755838970372
